game_id,week,market,player,line,over,under,snapshot_ts,position,stat,actual,push,proj,hist_mean,n_prior,status,side,odds,confidence,fair,implied,score,recommended,edge_pct,model_over,won,hist_over,hist_won,under_won,over_won,ret_model,ret_hist,ret_under,ret_over
2025_02_BUF_NYJ,2,player_pass_yds,Josh Allen,234.5,-112,-112,2025-09-14T15:55:38Z,QB,passing_yards,148.0,False,294.59106682798875,262.0325023854962,1.0,scored,Over,-112.0,0.6789,0.5,0.5283,58.0,False,0.2563,True,False,True,False,True,False,-1.0,-1.0,0.8928571428571429,-1.0
2025_02_BUF_NYJ,2,player_reception_yds,Breece Hall,18.5,-112,-112,2025-09-14T15:55:38Z,RB,rb_receiving_yards,9.0,False,27.930139576348903,25.64075926423201,1.0,scored,Over,-112.0,0.5041,0.5,0.5283,33.0,False,0.5097,True,False,True,False,True,False,-1.0,-1.0,0.8928571428571429,-1.0
2025_02_BUF_NYJ,2,player_reception_yds,Dalton Kincaid,31.5,-112,-112,2025-09-14T15:55:38Z,TE,receiving_yards,37.0,False,31.94677593067325,33.58240208425779,1.0,scored,Over,-112.0,0.4546,0.5,0.5283,7.0,False,0.0142,True,True,True,True,False,True,0.8928571428571429,0.8928571428571429,-1.0,0.8928571428571429
2025_02_BUF_NYJ,2,player_reception_yds,Garrett Wilson,59.5,-112,-112,2025-09-14T15:55:38Z,WR,receiving_yards,50.0,False,77.61794110289514,60.95513022382765,1.0,scored,Over,-112.0,0.5427,0.5,0.5283,31.0,False,0.3045,True,False,True,False,True,False,-1.0,-1.0,0.8928571428571429,-1.0
2025_02_BUF_NYJ,2,player_reception_yds,James Cook,13.5,-112,-112,2025-09-14T15:55:38Z,RB,rb_receiving_yards,3.0,False,23.701618066233262,25.36732176423201,1.0,scored,Over,-112.0,0.5288,0.5,0.5283,43.0,False,0.7557,True,False,True,False,True,False,-1.0,-1.0,0.8928571428571429,-1.0
2025_02_BUF_NYJ,2,player_reception_yds,Keon Coleman,42.5,-112,-112,2025-09-14T15:55:38Z,WR,receiving_yards,26.0,False,59.92277334174064,56.890650585818605,1.0,scored,Over,-112.0,0.5566,0.5,0.5283,39.0,False,0.4099,True,False,True,False,True,False,-1.0,-1.0,0.8928571428571429,-1.0
2025_02_BUF_NYJ,2,player_reception_yds,Khalil Shakir,48.5,-112,-112,2025-09-14T15:55:38Z,WR,receiving_yards,12.0,False,51.32267606676486,49.37718904735706,1.0,scored,Over,-112.0,0.4684,0.5,0.5283,9.0,False,0.0582,True,False,True,False,True,False,-1.0,-1.0,0.8928571428571429,-1.0
2025_02_BUF_NYJ,2,player_receptions,Dalton Kincaid,3.5,102,-130,2025-09-14T15:55:38Z,TE,receptions,4.0,False,2.903741882395438,3.0832683498212003,1.0,scored,Under,-130.0,0.6406,0.5331,0.5652,53.0,False,0.1704,False,False,False,False,False,True,-1.0,-1.0,-1.0,1.02
2025_02_BUF_NYJ,2,player_receptions,Garrett Wilson,5.5,106,-134,2025-09-14T15:55:38Z,WR,receptions,4.0,False,6.063422256103443,4.989627028601444,1.0,scored,Over,106.0,0.5151,0.4588,0.4854,27.0,False,0.1024,True,False,False,True,True,False,-1.0,0.746268656716418,0.746268656716418,-1.0
2025_02_BUF_NYJ,2,player_receptions,Keon Coleman,3.5,116,-148,2025-09-14T15:55:38Z,WR,receptions,3.0,False,4.232112076727784,3.848224313669317,1.0,scored,Over,116.0,0.5399,0.4369,0.463,44.0,False,0.2092,True,False,True,False,True,False,-1.0,-1.0,0.6756756756756757,-1.0
2025_02_BUF_NYJ,2,player_receptions,Khalil Shakir,4.5,-112,-112,2025-09-14T15:55:38Z,WR,receptions,1.0,False,4.510536139810238,4.411685852130856,1.0,scored,Over,-112.0,0.4684,0.5,0.5283,10.0,False,0.0023,True,False,False,True,True,False,-1.0,0.8928571428571429,0.8928571428571429,-1.0
2025_02_BUF_NYJ,2,player_rush_yds,Braelon Allen,17.5,-112,-112,2025-09-14T15:55:38Z,RB,rushing_yards,11.0,False,23.553699968502407,21.99247083701902,1.0,scored,Over,-112.0,0.5014,0.5,0.5283,24.0,False,0.3459,True,False,True,False,True,False,-1.0,-1.0,0.8928571428571429,-1.0
2025_02_BUF_NYJ,2,player_rush_yds,Breece Hall,61.5,-112,-112,2025-09-14T15:55:38Z,RB,rushing_yards,29.0,False,65.02520720712738,59.65607377819549,1.0,scored,Over,-112.0,0.4684,0.5,0.5283,9.0,False,0.0573,True,False,False,True,True,False,-1.0,0.8928571428571429,0.8928571428571429,-1.0
2025_02_BUF_NYJ,2,player_rush_yds,James Cook,57.5,-112,-112,2025-09-14T15:55:38Z,RB,rushing_yards,132.0,False,48.29210134805325,47.02326127819549,1.0,scored,Under,-112.0,0.6677,0.5,0.5283,50.0,False,0.1601,False,False,False,False,False,True,-1.0,-1.0,-1.0,0.8928571428571429
2025_02_BUF_NYJ,2,player_rush_yds,Josh Allen,33.5,-112,-112,2025-09-14T15:55:38Z,QB,qb_rushing_yards,59.0,False,32.60054530726844,25.13746421755725,1.0,scored,Under,-112.0,0.5974,0.5,0.5283,29.0,False,0.0268,False,False,False,False,False,True,-1.0,-1.0,-1.0,0.8928571428571429
2025_02_CAR_ARI,2,player_pass_yds,Bryce Young,203.5,-112,-112,2025-09-14T19:00:38Z,QB,passing_yards,328.0,False,176.02986190393918,178.95326131406762,1.0,scored,Under,-112.0,0.576,0.5,0.5283,30.0,False,0.135,False,False,False,False,False,True,-1.0,-1.0,-1.0,0.8928571428571429
2025_02_CAR_ARI,2,player_pass_yds,Kyler Murray,217.5,-112,-112,2025-09-14T19:00:38Z,QB,passing_yards,220.0,False,215.1520363088258,201.78571929726087,1.0,scored,Under,-112.0,0.4652,0.5,0.5283,7.0,False,0.0108,False,False,False,False,False,True,-1.0,-1.0,-1.0,0.8928571428571429
2025_02_CAR_ARI,2,player_reception_yds,Chuba Hubbard,13.5,-112,-112,2025-09-14T19:00:38Z,RB,rb_receiving_yards,39.0,False,19.68656851114301,17.09544676423201,1.0,scored,Over,-112.0,0.4877,0.5,0.5283,29.0,False,0.4583,True,True,True,True,False,True,0.8928571428571429,0.8928571428571429,-1.0,0.8928571428571429
2025_02_CAR_ARI,2,player_reception_yds,Hunter Renfrow,24.5,-112,-112,2025-09-14T19:00:38Z,WR,receiving_yards,48.0,False,34.0380707344146,28.454378094714123,1.0,scored,Over,-112.0,0.526,0.5,0.5283,32.0,False,0.3893,True,True,True,True,False,True,0.8928571428571429,0.8928571428571429,-1.0,0.8928571428571429
2025_02_CAR_ARI,2,player_reception_yds,Ja'Tavion Sanders,20.5,-112,-112,2025-09-14T19:00:38Z,TE,receiving_yards,54.0,False,24.3713632820273,23.959325161180864,1.0,scored,Over,-112.0,0.4849,0.5,0.5283,16.0,False,0.1888,True,True,True,True,False,True,0.8928571428571429,0.8928571428571429,-1.0,0.8928571428571429
2025_02_CAR_ARI,2,player_reception_yds,James Conner,14.5,-120,-106,2025-09-14T19:00:38Z,RB,rb_receiving_yards,18.0,False,18.94672857988239,15.77357176423201,1.0,scored,Over,-120.0,0.4684,0.5146,0.5455,22.0,False,0.3067,True,True,True,True,False,True,0.8333333333333334,0.8333333333333334,-1.0,0.8333333333333334
2025_02_CAR_ARI,2,player_reception_yds,Marvin Harrison Jr.,55.5,-112,-112,2025-09-14T19:00:38Z,WR,receiving_yards,27.0,False,53.23412773265763,50.12424787088648,1.0,scored,Under,-112.0,0.5813,0.5,0.5283,26.0,False,0.0408,False,True,False,True,True,False,0.8928571428571429,0.8928571428571429,0.8928571428571429,-1.0
2025_02_CAR_ARI,2,player_reception_yds,Michael Wilson,23.5,-112,-112,2025-09-14T19:00:38Z,WR,receiving_yards,11.0,False,31.701649463084763,26.94593904735706,1.0,scored,Over,-112.0,0.5178,0.5,0.5283,28.0,False,0.349,True,False,True,False,True,False,-1.0,-1.0,0.8928571428571429,-1.0
2025_02_CAR_ARI,2,player_reception_yds,Tetairoa McMillan,60.5,-112,-112,2025-09-14T19:00:38Z,WR,receiving_yards,100.0,False,50.63812611688303,42.70437809471412,1.0,scored,Under,-112.0,0.6568,0.5,0.5283,48.0,False,0.163,False,False,False,False,False,True,-1.0,-1.0,-1.0,0.8928571428571429
2025_02_CAR_ARI,2,player_reception_yds,Trey McBride,62.5,-112,-112,2025-09-14T19:00:38Z,TE,receiving_yards,78.0,False,61.2798475869911,50.76870016118086,1.0,scored,Under,-112.0,0.5653,0.5,0.5283,21.0,False,0.0195,False,False,False,False,False,True,-1.0,-1.0,-1.0,0.8928571428571429
2025_02_CAR_ARI,2,player_reception_yds,Xavier Legette,28.5,-112,-112,2025-09-14T19:00:38Z,WR,receiving_yards,-2.0,False,35.71403717411785,27.77718904735706,1.0,scored,Over,-112.0,0.5041,0.5,0.5283,20.0,False,0.2531,True,False,False,True,True,False,-1.0,0.8928571428571429,0.8928571428571429,-1.0
2025_02_CAR_ARI,2,player_receptions,Hunter Renfrow,2.5,-130,102,2025-09-14T19:00:38Z,WR,receptions,7.0,False,2.7852669067868807,2.523371704261712,1.0,scored,Over,-130.0,0.5041,0.5331,0.5652,21.0,False,0.1141,True,True,True,True,False,True,0.7692307692307693,0.7692307692307693,-1.0,0.7692307692307693
2025_02_CAR_ARI,2,player_receptions,Ja'Tavion Sanders,2.5,122,-156,2025-09-14T19:00:38Z,TE,receptions,7.0,False,2.073485236646317,2.139037580590431,1.0,scored,Under,-156.0,0.619,0.575,0.6094,44.0,False,0.1706,False,False,False,False,False,True,-1.0,-1.0,-1.0,1.22
2025_02_CAR_ARI,2,player_receptions,Marvin Harrison Jr.,4.5,102,-128,2025-09-14T19:00:38Z,WR,receptions,2.0,False,3.9226730059619768,3.6293329109543855,1.0,scored,Under,-128.0,0.619,0.5314,0.5614,44.0,False,0.1283,False,True,False,True,True,False,0.78125,0.78125,0.78125,-1.0
2025_02_CAR_ARI,2,player_receptions,Michael Wilson,2.5,108,-136,2025-09-14T19:00:38Z,WR,receptions,1.0,False,2.5538515768169296,2.3632483521308565,1.0,scored,Over,108.0,0.474,0.4548,0.4808,14.0,False,0.0215,True,False,False,True,True,False,-1.0,0.7352941176470589,0.7352941176470589,-1.0
2025_02_CAR_ARI,2,player_receptions,Tetairoa McMillan,5.5,130,-166,2025-09-14T19:00:38Z,WR,receptions,6.0,False,3.804704158589709,3.273371704261712,1.0,scored,Under,-166.0,0.7769,0.5894,0.6241,89.0,True,0.3082,False,False,False,False,False,True,-1.0,-1.0,-1.0,1.3
2025_02_CAR_ARI,2,player_receptions,Trey McBride,6.5,108,-136,2025-09-14T19:00:38Z,TE,receptions,6.0,False,5.460271315554032,4.915600080590432,1.0,scored,Under,-136.0,0.6677,0.5452,0.5763,56.0,False,0.16,False,True,False,True,True,False,0.7352941176470589,0.7352941176470589,0.7352941176470589,-1.0
2025_02_CAR_ARI,2,player_receptions,Xavier Legette,3.5,126,-160,2025-09-14T19:00:38Z,WR,receptions,1.0,False,3.304552697119456,2.986685852130856,1.0,scored,Under,-160.0,0.5653,0.5817,0.6154,23.0,False,0.0558,False,True,False,True,True,False,0.625,0.625,0.625,-1.0
2025_02_CAR_ARI,2,player_rush_yds,Bryce Young,15.5,-112,-112,2025-09-14T19:00:38Z,QB,qb_rushing_yards,2.0,False,23.16908032287025,21.86179457470011,1.0,scored,Over,-112.0,0.5482,0.5,0.5283,42.0,False,0.4948,True,False,True,False,True,False,-1.0,-1.0,0.8928571428571429,-1.0
2025_02_CAR_ARI,2,player_rush_yds,Chuba Hubbard,62.5,-112,-112,2025-09-14T19:00:38Z,RB,rushing_yards,38.0,False,64.86498287141438,56.49982377819549,1.0,scored,Over,-112.0,0.4629,0.5,0.5283,8.0,False,0.0378,True,False,False,True,True,False,-1.0,0.8928571428571429,0.8928571428571429,-1.0
2025_02_CAR_ARI,2,player_rush_yds,James Conner,69.5,-112,-112,2025-09-14T19:00:38Z,RB,rushing_yards,34.0,False,55.11812055302609,47.76544877819549,1.0,scored,Under,-112.0,0.7058,0.5,0.5283,60.0,False,0.2069,False,True,False,True,True,False,0.8928571428571429,0.8928571428571429,0.8928571428571429,-1.0
2025_02_CAR_ARI,2,player_rush_yds,Kyler Murray,28.5,-112,-112,2025-09-14T19:00:38Z,QB,qb_rushing_yards,32.0,False,30.994457997904405,27.30979877638078,1.0,scored,Over,-112.0,0.4657,0.5,0.5283,11.0,False,0.0875,True,True,False,False,False,True,0.8928571428571429,-1.0,-1.0,0.8928571428571429
2025_02_CAR_ARI,2,player_rush_yds,Trey Benson,34.5,-112,-112,2025-09-14T19:00:38Z,RB,rushing_yards,14.0,False,42.76862939108635,38.71857377819549,1.0,scored,Over,-112.0,0.5068,0.5,0.5283,20.0,False,0.2397,True,False,True,False,True,False,-1.0,-1.0,0.8928571428571429,-1.0
2025_02_CHI_DET,2,player_pass_yds,Caleb Williams,215.5,-112,-112,2025-09-14T15:55:38Z,QB,passing_yards,207.0,False,212.6441155417669,206.69748400314324,1.0,scored,Under,-112.0,0.4704,0.5,0.5283,7.0,False,0.0133,False,True,False,True,True,False,0.8928571428571429,0.8928571428571429,0.8928571428571429,-1.0
2025_02_CHI_DET,2,player_pass_yds,Jared Goff,243.5,-112,-112,2025-09-14T15:55:38Z,QB,passing_yards,334.0,False,221.3092908652876,234.44748400314324,1.0,scored,Under,-112.0,0.5653,0.5,0.5283,25.0,False,0.0911,False,False,False,False,False,True,-1.0,-1.0,-1.0,0.8928571428571429
2025_02_CHI_DET,2,player_reception_yds,Amon-Ra St. Brown,63.5,-112,-112,2025-09-14T15:55:38Z,WR,receiving_yards,115.0,False,49.52121510953221,51.96248316500412,1.0,scored,Under,-112.0,0.6949,0.5,0.5283,59.0,False,0.2201,False,False,False,False,False,True,-1.0,-1.0,-1.0,0.8928571428571429
2025_02_CHI_DET,2,player_reception_yds,Cole Kmet,18.5,-112,-112,2025-09-14T15:55:38Z,TE,receiving_yards,29.0,False,29.77144313511418,27.518700161180863,1.0,scored,Over,-112.0,0.5482,0.5,0.5283,47.0,False,0.6093,True,True,True,True,False,True,0.8928571428571429,0.8928571428571429,-1.0,0.8928571428571429
2025_02_CHI_DET,2,player_reception_yds,D'Andre Swift,16.5,-112,-112,2025-09-14T15:55:38Z,RB,rb_receiving_yards,6.0,False,19.61509582831902,16.33515264658495,1.0,scored,Over,-112.0,0.4546,0.5,0.5283,16.0,False,0.1888,True,False,False,True,True,False,-1.0,0.8928571428571429,0.8928571428571429,-1.0
2025_02_CHI_DET,2,player_reception_yds,DJ Moore,50.5,-112,-112,2025-09-14T15:55:38Z,WR,receiving_yards,46.0,False,48.86460662010438,51.161012576768826,1.0,scored,Under,-112.0,0.5706,0.5,0.5283,23.0,False,0.0324,False,True,True,False,True,False,0.8928571428571429,-1.0,0.8928571428571429,-1.0
2025_02_CHI_DET,2,player_reception_yds,David Montgomery,11.5,-112,-112,2025-09-14T15:55:38Z,RB,rb_receiving_yards,4.0,False,18.949900137833755,18.45437533566058,1.0,scored,Over,-112.0,0.5068,0.5,0.5283,38.0,False,0.6478,True,False,True,False,True,False,-1.0,-1.0,0.8928571428571429,-1.0
2025_02_CHI_DET,2,player_reception_yds,Jahmyr Gibbs,27.5,-112,-112,2025-09-14T15:55:38Z,RB,rb_receiving_yards,10.0,False,28.152447879483823,23.974858528937894,1.0,scored,Over,-112.0,0.4263,0.5,0.5283,8.0,False,0.0237,True,False,False,True,True,False,-1.0,0.8928571428571429,0.8928571428571429,-1.0
2025_02_CHI_DET,2,player_reception_yds,Jameson Williams,46.5,-112,-112,2025-09-14T15:55:38Z,WR,receiving_yards,108.0,False,41.71871544102491,43.62718904735706,1.0,scored,Under,-112.0,0.6136,0.5,0.5283,36.0,False,0.1028,False,False,False,False,False,True,-1.0,-1.0,-1.0,0.8928571428571429
2025_02_CHI_DET,2,player_reception_yds,Kalif Raymond,10.5,-112,-112,2025-09-14T15:55:38Z,WR,receiving_yards,14.0,False,23.5512755455455,23.570939047357065,1.0,scored,Over,-112.0,0.5795,0.5,0.5283,54.0,False,1.243,True,True,True,True,False,True,0.8928571428571429,0.8928571428571429,-1.0,0.8928571428571429
2025_02_CHI_DET,2,player_reception_yds,Olamide Zaccheaus,21.5,-112,-112,2025-09-14T15:55:38Z,WR,receiving_yards,12.0,False,41.71100104975706,35.21156404735706,1.0,scored,Over,-112.0,0.6062,0.5,0.5283,59.0,False,0.94,True,False,True,False,True,False,-1.0,-1.0,0.8928571428571429,-1.0
2025_02_CHI_DET,2,player_reception_yds,Rome Odunze,49.5,-112,-112,2025-09-14T15:55:38Z,WR,receiving_yards,128.0,False,48.21595733328724,38.2933655179453,1.0,scored,Under,-112.0,0.5706,0.5,0.5283,23.0,False,0.0259,False,False,False,False,False,True,-1.0,-1.0,-1.0,0.8928571428571429
2025_02_CHI_DET,2,player_reception_yds,Sam LaPorta,43.5,-112,-112,2025-09-14T15:55:38Z,TE,receiving_yards,26.0,False,50.66524399356415,45.42495016118086,1.0,scored,Over,-112.0,0.4959,0.5,0.5283,15.0,False,0.1647,True,False,True,False,True,False,-1.0,-1.0,0.8928571428571429,-1.0
2025_02_CHI_DET,2,player_receptions,Amon-Ra St. Brown,5.5,-128,102,2025-09-14T15:55:38Z,WR,receptions,9.0,False,4.412006093809668,4.548450558013209,1.0,scored,Under,102.0,0.6894,0.4686,0.495,70.0,False,0.1978,False,False,False,False,False,True,-1.0,-1.0,-1.0,0.78125
2025_02_CHI_DET,2,player_receptions,Cole Kmet,2.5,132,-168,2025-09-14T15:55:38Z,TE,receptions,2.0,False,2.259453994433404,2.165600080590431,1.0,scored,Under,-168.0,0.5813,0.5926,0.6269,28.0,False,0.0962,False,True,False,True,True,False,0.5952380952380952,0.5952380952380952,0.5952380952380952,-1.0
2025_02_CHI_DET,2,player_receptions,DJ Moore,4.5,-134,106,2025-09-14T15:55:38Z,WR,receptions,5.0,False,3.933645042245468,3.923450558013209,1.0,scored,Under,106.0,0.619,0.4588,0.4854,51.0,False,0.1259,False,False,False,False,False,True,-1.0,-1.0,-1.0,0.746268656716418
2025_02_CHI_DET,2,player_receptions,Jameson Williams,3.5,102,-130,2025-09-14T15:55:38Z,WR,receptions,2.0,False,3.4077012590806586,3.461685852130856,1.0,scored,Under,-130.0,0.544,0.5331,0.5652,19.0,False,0.0264,False,True,False,True,True,False,0.7692307692307693,0.7692307692307693,0.7692307692307693,-1.0
2025_02_CHI_DET,2,player_receptions,Kalif Raymond,1.5,148,-190,2025-09-14T15:55:38Z,WR,receptions,1.0,False,1.956440333577904,2.042935852130856,1.0,scored,Over,148.0,0.5288,0.381,0.4032,57.0,False,0.3043,True,False,True,False,True,False,-1.0,-1.0,0.5263157894736842,-1.0
2025_02_CHI_DET,2,player_receptions,Olamide Zaccheaus,2.5,102,-130,2025-09-14T15:55:38Z,WR,receptions,2.0,False,3.405745408895896,3.0663733521308565,1.0,scored,Over,102.0,0.5651,0.4669,0.495,57.0,False,0.3623,True,False,True,False,True,False,-1.0,-1.0,0.7692307692307693,-1.0
2025_02_CHI_DET,2,player_receptions,Rome Odunze,3.5,-172,134,2025-09-14T15:55:38Z,WR,receptions,7.0,False,4.200206208051062,3.702862322719091,1.0,scored,Over,-172.0,0.5371,0.5967,0.6324,33.0,False,0.2001,True,True,True,True,False,True,0.5813953488372093,0.5813953488372093,-1.0,0.5813953488372093
2025_02_CHI_DET,2,player_receptions,Sam LaPorta,4.5,126,-160,2025-09-14T15:55:38Z,TE,receptions,3.0,False,4.0627584625677535,3.720287580590431,1.0,scored,Under,-160.0,0.5974,0.5817,0.6154,32.0,False,0.0972,False,True,False,True,True,False,0.625,0.625,0.625,-1.0
2025_02_CHI_DET,2,player_rush_yds,Caleb Williams,27.5,-112,-112,2025-09-14T15:55:38Z,QB,qb_rushing_yards,27.0,False,31.67292864676888,30.478916423439607,1.0,scored,Over,-112.0,0.4822,0.5,0.5283,14.0,False,0.1517,True,False,True,False,True,False,-1.0,-1.0,0.8928571428571429,-1.0
2025_02_CHI_DET,2,player_rush_yds,D'Andre Swift,49.5,-112,-112,2025-09-14T15:55:38Z,RB,rushing_yards,63.0,False,56.20747581717096,46.779235542901375,1.0,scored,Over,-112.0,0.4877,0.5,0.5283,13.0,False,0.1355,True,True,False,False,False,True,0.8928571428571429,-1.0,-1.0,0.8928571428571429
2025_02_CHI_DET,2,player_rush_yds,David Montgomery,47.5,-112,-112,2025-09-14T15:55:38Z,RB,rushing_yards,57.0,False,47.885891296443134,39.38375234962406,1.0,scored,Over,-112.0,0.4518,0.5,0.5283,7.0,False,0.0081,True,True,False,False,False,True,0.8928571428571429,-1.0,-1.0,0.8928571428571429
2025_02_CHI_DET,2,player_rush_yds,Jahmyr Gibbs,65.5,-112,-112,2025-09-14T15:55:38Z,RB,rushing_yards,94.0,False,52.16113806302096,48.2718826017249,1.0,scored,Under,-112.0,0.7003,0.5,0.5283,60.0,False,0.2036,False,False,False,False,False,True,-1.0,-1.0,-1.0,0.8928571428571429
2025_02_CLE_BAL,2,player_pass_yds,Joe Flacco,240.5,-112,-112,2025-09-14T15:55:38Z,QB,passing_yards,199.0,False,235.24998337546248,242.9264755997819,1.0,scored,Under,-112.0,0.4808,0.5,0.5283,8.0,False,0.0218,False,True,True,False,True,False,0.8928571428571429,-1.0,0.8928571428571429,-1.0
2025_02_CLE_BAL,2,player_pass_yds,Lamar Jackson,212.5,-112,-112,2025-09-14T15:55:38Z,QB,passing_yards,225.0,False,227.081756865437,220.36660165020209,1.0,scored,Over,-112.0,0.5399,0.5,0.5283,18.0,False,0.0686,True,True,True,True,False,True,0.8928571428571429,0.8928571428571429,-1.0,0.8928571428571429
2025_02_CLE_BAL,2,player_reception_yds,Cedric Tillman,46.5,-112,-112,2025-09-14T15:55:38Z,WR,receiving_yards,22.0,False,43.69706485353034,39.97718904735706,1.0,scored,Under,-112.0,0.5867,0.5,0.5283,28.0,False,0.0603,False,True,False,True,True,False,0.8928571428571429,0.8928571428571429,0.8928571428571429,-1.0
2025_02_CLE_BAL,2,player_reception_yds,David Njoku,42.5,-112,-112,2025-09-14T15:55:38Z,TE,receiving_yards,40.0,False,36.755789504214654,35.12523425208995,1.0,scored,Under,-112.0,0.6243,0.5,0.5283,40.0,False,0.1352,False,True,False,True,True,False,0.8928571428571429,0.8928571428571429,0.8928571428571429,-1.0
2025_02_CLE_BAL,2,player_reception_yds,DeAndre Hopkins,18.5,-112,-112,2025-09-14T15:55:38Z,WR,receiving_yards,64.0,False,35.12841152982112,35.89906404735706,1.0,scored,Over,-112.0,0.5883,0.5,0.5283,55.0,False,0.8988,True,True,True,True,False,True,0.8928571428571429,0.8928571428571429,-1.0,0.8928571428571429
2025_02_CLE_BAL,2,player_reception_yds,Derrick Henry,5.5,-102,-124,2025-09-14T15:55:38Z,RB,rb_receiving_yards,0.0,False,13.750480456341595,12.32779970540848,1.0,scored,Over,-102.0,0.5482,0.477,0.505,49.0,False,1.5001,True,False,True,False,True,False,-1.0,-1.0,0.8064516129032258,-1.0
2025_02_CLE_BAL,2,player_reception_yds,Harold Fannin Jr.,34.5,-112,-112,2025-09-14T15:55:38Z,TE,receiving_yards,48.0,False,40.58086623331385,33.06865032236173,1.0,scored,Over,-112.0,0.4932,0.5,0.5283,15.0,False,0.1763,True,True,False,False,False,True,0.8928571428571429,-1.0,-1.0,0.8928571428571429
2025_02_CLE_BAL,2,player_reception_yds,Jerry Jeudy,56.5,-112,-112,2025-09-14T15:55:38Z,WR,receiving_yards,51.0,False,55.41402026790409,56.46248316500412,1.0,scored,Under,-112.0,0.5653,0.5,0.5283,21.0,False,0.0192,False,True,False,True,True,False,0.8928571428571429,0.8928571428571429,0.8928571428571429,-1.0
2025_02_CLE_BAL,2,player_reception_yds,Rashod Bateman,34.5,-112,-112,2025-09-14T15:55:38Z,WR,receiving_yards,15.0,False,40.83910729343543,33.07093904735706,1.0,scored,Over,-112.0,0.4959,0.5,0.5283,16.0,False,0.1837,True,False,False,True,True,False,-1.0,0.8928571428571429,0.8928571428571429,-1.0
2025_02_CLE_BAL,2,player_reception_yds,Zay Flowers,62.5,-112,-112,2025-09-14T15:55:38Z,WR,receiving_yards,75.0,False,87.86226160172416,71.96248316500413,1.0,scored,Over,-112.0,0.5709,0.5,0.5283,42.0,False,0.4058,True,True,True,True,False,True,0.8928571428571429,0.8928571428571429,-1.0,0.8928571428571429
2025_02_CLE_BAL,2,player_receptions,Cedric Tillman,4.5,126,-160,2025-09-14T15:55:38Z,WR,receptions,2.0,False,3.664551813913702,3.470019185464189,1.0,scored,Under,-160.0,0.6677,0.5817,0.6154,55.0,False,0.1857,False,True,False,True,True,False,0.625,0.625,0.625,-1.0
2025_02_CLE_BAL,2,player_receptions,David Njoku,4.5,108,-136,2025-09-14T15:55:38Z,TE,receptions,4.0,False,3.687005694363884,3.745855762408613,1.0,scored,Under,-136.0,0.6622,0.5452,0.5763,57.0,False,0.1807,False,True,False,True,True,False,0.7352941176470589,0.7352941176470589,0.7352941176470589,-1.0
2025_02_CLE_BAL,2,player_receptions,DeAndre Hopkins,1.5,-142,112,2025-09-14T15:55:38Z,WR,receptions,2.0,False,2.771967003133235,2.8241858521308565,1.0,scored,Over,-142.0,0.6216,0.5544,0.5868,61.0,False,0.848,True,True,True,True,False,True,0.704225352112676,0.704225352112676,-1.0,0.704225352112676
2025_02_CLE_BAL,2,player_receptions,Harold Fannin Jr.,3.5,-122,-106,2025-09-14T15:55:38Z,TE,receptions,5.0,False,3.715744342120901,3.378075161180862,1.0,scored,Over,-122.0,0.4932,0.5164,0.5495,16.0,False,0.0616,True,True,False,False,False,True,0.819672131147541,-1.0,-1.0,0.819672131147541
2025_02_CLE_BAL,2,player_receptions,Jerry Jeudy,4.5,-118,-108,2025-09-14T15:55:38Z,WR,receptions,4.0,False,4.318253287036461,4.2469799697779145,1.0,scored,Under,-108.0,0.5546,0.4896,0.5192,27.0,False,0.0404,False,True,False,True,True,False,0.9259259259259259,0.9259259259259259,0.9259259259259259,-1.0
2025_02_CLE_BAL,2,player_receptions,Rashod Bateman,2.5,-142,112,2025-09-14T15:55:38Z,WR,receptions,2.0,False,3.018432186374681,2.5663733521308565,1.0,scored,Over,-142.0,0.5288,0.5544,0.5868,33.0,False,0.2074,True,False,True,False,True,False,-1.0,-1.0,1.12,-1.0
2025_02_CLE_BAL,2,player_receptions,Zay Flowers,4.5,-136,108,2025-09-14T15:55:38Z,WR,receptions,7.0,False,5.753887018559491,4.394038793307327,1.0,scored,Over,-136.0,0.5709,0.5452,0.5763,47.0,False,0.2786,True,True,False,False,False,True,0.7352941176470589,-1.0,-1.0,0.7352941176470589
2025_02_CLE_BAL,2,player_rush_yds,Derrick Henry,97.5,-112,-112,2025-09-14T15:55:38Z,RB,rushing_yards,23.0,False,95.38140165884349,96.99982377819548,1.0,scored,Under,-112.0,0.5813,0.5,0.5283,25.0,False,0.0217,False,True,False,True,True,False,0.8928571428571429,0.8928571428571429,0.8928571428571429,-1.0
2025_02_CLE_BAL,2,player_rush_yds,Dylan Sampson,31.5,-112,-112,2025-09-14T15:55:38Z,RB,rushing_yards,6.0,False,39.27677368855649,31.999647556390972,1.0,scored,Over,-112.0,0.5068,0.5,0.5283,20.0,False,0.2469,True,False,True,False,True,False,-1.0,-1.0,0.8928571428571429,-1.0
2025_02_CLE_BAL,2,player_rush_yds,Lamar Jackson,46.5,-112,-112,2025-09-14T15:55:38Z,QB,qb_rushing_yards,13.0,False,43.103216116594346,42.87597524696901,1.0,scored,Under,-112.0,0.6243,0.5,0.5283,37.0,False,0.073,False,True,False,True,True,False,0.8928571428571429,0.8928571428571429,0.8928571428571429,-1.0
2025_02_CLE_BAL,2,player_rush_yds,Quinshon Judkins,13.5,-112,-112,2025-09-14T15:55:38Z,RB,rushing_yards,61.0,False,22.93038254999786,32.99953007518797,0.0,scored,Over,-112.0,0.5343,0.5,0.5283,44.0,False,0.6985,True,True,True,True,False,True,0.8928571428571429,0.8928571428571429,-1.0,0.8928571428571429
2025_02_DEN_IND,2,player_pass_yds,Bo Nix,228.5,-112,-112,2025-09-14T19:00:38Z,QB,passing_yards,206.0,False,205.46856027019376,203.3592487090256,1.0,scored,Under,-112.0,0.5653,0.5,0.5283,26.0,False,0.1008,False,True,False,True,True,False,0.8928571428571429,0.8928571428571429,0.8928571428571429,-1.0
2025_02_DEN_IND,2,player_pass_yds,Daniel Jones,202.5,-112,-112,2025-09-14T19:00:38Z,QB,passing_yards,316.0,False,219.03888855617964,221.71218988549617,1.0,scored,Over,-112.0,0.5454,0.5,0.5283,20.0,False,0.0817,True,True,True,True,False,True,0.8928571428571429,0.8928571428571429,-1.0,0.8928571428571429
2025_02_DEN_IND,2,player_reception_yds,Alec Pierce,21.5,-112,-112,2025-09-14T19:00:38Z,WR,receiving_yards,68.0,False,37.50553578272337,41.16468904735706,1.0,scored,Over,-112.0,0.5795,0.5,0.5283,54.0,False,0.7444,True,True,True,True,False,True,0.8928571428571429,0.8928571428571429,-1.0,0.8928571428571429
2025_02_DEN_IND,2,player_reception_yds,Courtland Sutton,61.5,-112,-112,2025-09-14T19:00:38Z,WR,receiving_yards,6.0,False,55.97646582686706,53.43812654735706,1.0,scored,Under,-112.0,0.6136,0.5,0.5283,35.0,False,0.0898,False,True,False,True,True,False,0.8928571428571429,0.8928571428571429,0.8928571428571429,-1.0
2025_02_DEN_IND,2,player_reception_yds,Evan Engram,28.5,-112,-112,2025-09-14T19:00:38Z,TE,receiving_yards,12.0,False,28.77881848916097,29.117658494514195,1.0,scored,Over,-112.0,0.4546,0.5,0.5283,7.0,False,0.0098,True,False,True,False,True,False,-1.0,-1.0,0.8928571428571429,-1.0
2025_02_DEN_IND,2,player_reception_yds,J.K. Dobbins,10.5,-112,-112,2025-09-14T19:00:38Z,RB,rb_receiving_yards,9.0,False,11.08269854643552,10.483908302693548,1.0,scored,Over,-112.0,0.4291,0.5,0.5283,9.0,False,0.0555,True,False,False,True,True,False,-1.0,0.8928571428571429,0.8928571428571429,-1.0
2025_02_DEN_IND,2,player_reception_yds,Jonathan Taylor,14.5,-112,-112,2025-09-14T19:00:38Z,RB,rb_receiving_yards,50.0,False,16.33147328507286,15.213303907089152,1.0,scored,Over,-112.0,0.4434,0.5,0.5283,13.0,False,0.1263,True,True,True,True,False,True,0.8928571428571429,0.8928571428571429,-1.0,0.8928571428571429
2025_02_DEN_IND,2,player_reception_yds,Josh Downs,36.5,-112,-112,2025-09-14T19:00:38Z,WR,receiving_yards,51.0,False,34.8021398635538,37.361117618785634,1.0,scored,Under,-112.0,0.576,0.5,0.5283,25.0,False,0.0465,False,False,True,True,False,True,-1.0,0.8928571428571429,-1.0,0.8928571428571429
2025_02_DEN_IND,2,player_reception_yds,Marvin Mims Jr.,31.5,-112,-112,2025-09-14T19:00:38Z,WR,receiving_yards,24.0,False,27.23657112417947,26.94777728265118,1.0,scored,Under,-112.0,0.619,0.5,0.5283,39.0,False,0.1353,False,True,False,True,True,False,0.8928571428571429,0.8928571428571429,0.8928571428571429,-1.0
2025_02_DEN_IND,2,player_reception_yds,Michael Pittman Jr.,46.5,-108,-118,2025-09-14T19:00:38Z,WR,receiving_yards,40.0,False,57.70339907992536,51.78968904735706,1.0,scored,Over,-108.0,0.5151,0.4896,0.5192,23.0,False,0.2409,True,False,True,False,True,False,-1.0,-1.0,0.847457627118644,-1.0
2025_02_DEN_IND,2,player_reception_yds,Troy Franklin,29.5,-112,-112,2025-09-14T19:00:38Z,WR,receiving_yards,89.0,False,33.3822258975793,30.01625154735706,1.0,scored,Over,-112.0,0.4822,0.5,0.5283,13.0,False,0.1316,True,True,True,True,False,True,0.8928571428571429,0.8928571428571429,-1.0,0.8928571428571429
2025_02_DEN_IND,2,player_reception_yds,Tyler Warren,44.5,-112,-112,2025-09-14T19:00:38Z,TE,receiving_yards,79.0,False,49.26516610340274,36.31865032236173,1.0,scored,Over,-112.0,0.4822,0.5,0.5283,12.0,False,0.1071,True,True,False,False,False,True,0.8928571428571429,-1.0,-1.0,0.8928571428571429
2025_02_DEN_IND,2,player_receptions,Alec Pierce,1.5,-136,108,2025-09-14T19:00:38Z,WR,receptions,4.0,False,2.1199508923489536,2.1288733521308565,1.0,scored,Over,-136.0,0.551,0.5452,0.5763,46.0,False,0.4133,True,True,True,True,False,True,0.7352941176470589,0.7352941176470589,-1.0,0.7352941176470589
2025_02_DEN_IND,2,player_receptions,Courtland Sutton,5.5,110,-140,2025-09-14T19:00:38Z,WR,receptions,1.0,False,4.632323378308238,4.4101233521308565,1.0,scored,Under,-140.0,0.6568,0.5506,0.5833,53.0,False,0.1578,False,True,False,True,True,False,0.7142857142857143,0.7142857142857143,0.7142857142857143,-1.0
2025_02_DEN_IND,2,player_receptions,Evan Engram,3.5,108,-136,2025-09-14T19:00:38Z,TE,receptions,1.0,False,3.290529962047412,3.522370913923764,1.0,scored,Under,-136.0,0.5653,0.5452,0.5763,25.0,False,0.0598,False,True,True,False,True,False,0.7352941176470589,-1.0,0.7352941176470589,-1.0
2025_02_DEN_IND,2,player_receptions,Josh Downs,3.5,-128,102,2025-09-14T19:00:38Z,WR,receptions,6.0,False,3.223293072860482,3.4402572807022844,1.0,scored,Under,102.0,0.5813,0.4686,0.495,38.0,False,0.0791,False,False,False,False,False,True,-1.0,-1.0,-1.0,0.78125
2025_02_DEN_IND,2,player_receptions,Marvin Mims Jr.,2.5,-142,112,2025-09-14T19:00:38Z,WR,receptions,2.0,False,2.5329796474656776,2.6219799697779145,1.0,scored,Over,-142.0,0.4712,0.5544,0.5868,11.0,False,0.0132,True,False,True,False,True,False,-1.0,-1.0,1.12,-1.0
2025_02_DEN_IND,2,player_receptions,Michael Pittman Jr.,4.5,-102,-124,2025-09-14T19:00:38Z,WR,receptions,4.0,False,4.561645582067195,4.1288733521308565,1.0,scored,Over,-102.0,0.474,0.477,0.505,11.0,False,0.0137,True,False,False,True,True,False,-1.0,0.8064516129032258,0.8064516129032258,-1.0
2025_02_DEN_IND,2,player_receptions,Troy Franklin,2.5,-152,120,2025-09-14T19:00:38Z,WR,receptions,8.0,False,2.809595594777474,2.6679358521308565,1.0,scored,Over,-152.0,0.5068,0.5703,0.6032,22.0,False,0.1238,True,True,True,True,False,True,0.6578947368421053,0.6578947368421053,-1.0,0.6578947368421053
2025_02_DEN_IND,2,player_receptions,Tyler Warren,4.5,100,-128,2025-09-14T19:00:38Z,TE,receptions,4.0,False,4.0959955070498335,3.378075161180862,1.0,scored,Under,-128.0,0.5921,0.5289,0.5614,35.0,False,0.0898,False,True,False,True,True,False,0.78125,0.78125,0.78125,-1.0
2025_02_DEN_IND,2,player_rush_yds,Bo Nix,19.5,-112,-112,2025-09-14T19:00:38Z,QB,qb_rushing_yards,20.0,False,22.648788038125254,19.17744583520431,1.0,scored,Over,-112.0,0.4767,0.5,0.5283,15.0,False,0.1615,True,True,False,False,False,True,0.8928571428571429,-1.0,-1.0,0.8928571428571429
2025_02_DEN_IND,2,player_rush_yds,Daniel Jones,28.5,-112,-112,2025-09-14T19:00:38Z,QB,qb_rushing_yards,2.0,False,22.32047560555285,21.62965171755725,1.0,scored,Under,-112.0,0.7003,0.5,0.5283,60.0,False,0.2168,False,True,False,True,True,False,0.8928571428571429,0.8928571428571429,0.8928571428571429,-1.0
2025_02_DEN_IND,2,player_rush_yds,J.K. Dobbins,47.5,-112,-112,2025-09-14T19:00:38Z,RB,rushing_yards,76.0,False,60.31049174613901,54.23059300896472,1.0,scored,Over,-112.0,0.526,0.5,0.5283,26.0,False,0.2697,True,True,True,True,False,True,0.8928571428571429,0.8928571428571429,-1.0,0.8928571428571429
2025_02_DEN_IND,2,player_rush_yds,Jonathan Taylor,76.5,-112,-112,2025-09-14T19:00:38Z,RB,rushing_yards,165.0,False,64.9771508565375,68.45518092105263,1.0,scored,Under,-112.0,0.6731,0.5,0.5283,51.0,False,0.1506,False,False,False,False,False,True,-1.0,-1.0,-1.0,0.8928571428571429
2025_02_DEN_IND,2,player_rush_yds,RJ Harvey,30.5,-112,-112,2025-09-14T19:00:38Z,RB,rushing_yards,8.0,False,39.5301677879489,42.249647556390975,1.0,scored,Over,-112.0,0.5151,0.5,0.5283,25.0,False,0.2961,True,False,True,False,True,False,-1.0,-1.0,0.8928571428571429,-1.0
2025_02_JAX_CIN,2,player_pass_yds,Joe Burrow,269.5,-112,-112,2025-09-14T15:55:38Z,QB,passing_yards,76.0,False,204.64466498974588,212.82248400314324,1.0,scored,Under,-112.0,0.755,0.5,0.5283,68.0,True,0.2407,False,True,False,True,True,False,0.8928571428571429,0.8928571428571429,0.8928571428571429,-1.0
2025_02_JAX_CIN,2,player_pass_yds,Trevor Lawrence,245.5,-112,-112,2025-09-14T15:55:38Z,QB,passing_yards,271.0,False,188.16772283818156,197.27468988549617,1.0,scored,Under,-112.0,0.7167,0.5,0.5283,63.0,False,0.2335,False,False,False,False,False,True,-1.0,-1.0,-1.0,0.8928571428571429
2025_02_JAX_CIN,2,player_reception_yds,Andrei Iosivas,19.5,-112,-112,2025-09-14T15:55:38Z,WR,receiving_yards,12.0,False,23.671717675019075,31.224487357260397,0.0,scored,Over,-112.0,0.4877,0.5,0.5283,17.0,False,0.2139,True,False,True,False,True,False,-1.0,-1.0,0.8928571428571429,-1.0
2025_02_JAX_CIN,2,player_reception_yds,Brenton Strange,36.5,-112,-112,2025-09-14T15:55:38Z,TE,receiving_yards,17.0,False,35.46123212792028,34.41825373260943,1.0,scored,Under,-112.0,0.5653,0.5,0.5283,22.0,False,0.0285,False,True,False,True,True,False,0.8928571428571429,0.8928571428571429,0.8928571428571429,-1.0
2025_02_JAX_CIN,2,player_reception_yds,Brian Thomas Jr,72.5,-112,-112,2025-09-14T15:55:38Z,WR,receiving_yards,49.0,False,49.81076603648627,43.88160081206294,1.0,scored,Under,-112.0,0.766,0.5,0.5283,73.0,True,0.313,False,True,False,True,True,False,0.8928571428571429,0.8928571428571429,0.8928571428571429,-1.0
2025_02_JAX_CIN,2,player_reception_yds,Chase Brown,17.5,-112,-112,2025-09-14T15:55:38Z,RB,rb_receiving_yards,18.0,False,19.24141454853409,15.25794676423201,1.0,scored,Over,-112.0,0.4377,0.5,0.5283,11.0,False,0.0995,True,True,False,False,False,True,0.8928571428571429,-1.0,-1.0,0.8928571428571429
2025_02_JAX_CIN,2,player_reception_yds,Dyami Brown,31.5,-112,-112,2025-09-14T15:55:38Z,WR,receiving_yards,57.0,False,34.917209204072904,33.55218904735706,1.0,scored,Over,-112.0,0.4767,0.5,0.5283,12.0,False,0.1085,True,True,True,True,False,True,0.8928571428571429,0.8928571428571429,-1.0,0.8928571428571429
2025_02_JAX_CIN,2,player_reception_yds,Ja'Marr Chase,83.5,-112,-112,2025-09-14T15:55:38Z,WR,receiving_yards,165.0,False,57.957196449943936,57.02865963559236,1.0,scored,Under,-112.0,0.766,0.5,0.5283,72.0,True,0.3059,False,False,False,False,False,True,-1.0,-1.0,-1.0,0.8928571428571429
2025_02_JAX_CIN,2,player_reception_yds,Mike Gesicki,19.5,-112,-112,2025-09-14T15:55:38Z,TE,receiving_yards,18.0,False,30.765919198643974,27.74526266118086,1.0,scored,Over,-112.0,0.5454,0.5,0.5283,45.0,False,0.5777,True,False,True,False,True,False,-1.0,-1.0,0.8928571428571429,-1.0
2025_02_JAX_CIN,2,player_reception_yds,Noah Fant,22.5,-112,-112,2025-09-14T15:55:38Z,TE,receiving_yards,28.0,False,37.71748383874608,28.55218230403801,1.0,scored,Over,-112.0,0.5709,0.5,0.5283,52.0,False,0.6763,True,True,True,True,False,True,0.8928571428571429,0.8928571428571429,-1.0,0.8928571428571429
2025_02_JAX_CIN,2,player_reception_yds,Tee Higgins,64.5,-112,-112,2025-09-14T15:55:38Z,WR,receiving_yards,56.0,False,49.46758433127492,49.570939047357065,1.0,scored,Under,-112.0,0.7058,0.5,0.5283,62.0,False,0.2331,False,True,False,True,True,False,0.8928571428571429,0.8928571428571429,0.8928571428571429,-1.0
2025_02_JAX_CIN,2,player_reception_yds,Travis Etienne Jr.,15.5,-112,-112,2025-09-14T15:55:38Z,RB,rb_receiving_yards,18.0,False,15.857193356785045,14.42044676423201,1.0,scored,Over,-112.0,0.4263,0.5,0.5283,8.0,False,0.023,True,True,False,False,False,True,0.8928571428571429,-1.0,-1.0,0.8928571428571429
2025_02_JAX_CIN,2,player_receptions,Andrei Iosivas,1.5,-158,124,2025-09-14T15:55:38Z,WR,receptions,1.0,False,1.9384067557672984,2.407737998919573,0.0,scored,Over,-158.0,0.5288,0.5784,0.6124,41.0,False,0.2923,True,False,True,False,True,False,-1.0,-1.0,1.24,-1.0
2025_02_JAX_CIN,2,player_receptions,Brenton Strange,3.5,108,-138,2025-09-14T15:55:38Z,TE,receptions,3.0,False,2.920795071644412,2.8854661520190024,1.0,scored,Under,-138.0,0.6352,0.5467,0.5798,50.0,False,0.1655,False,True,False,True,True,False,0.7246376811594203,0.7246376811594203,0.7246376811594203,-1.0
2025_02_JAX_CIN,2,player_receptions,Brian Thomas Jr,5.5,108,-136,2025-09-14T15:55:38Z,WR,receptions,4.0,False,3.642471559552583,3.18080349918968,1.0,scored,Under,-136.0,0.7988,0.5452,0.5763,94.0,True,0.3377,False,True,False,True,True,False,0.7352941176470589,0.7352941176470589,0.7352941176470589,-1.0
2025_02_JAX_CIN,2,player_receptions,Dyami Brown,2.5,-156,122,2025-09-14T15:55:38Z,WR,receptions,5.0,False,2.6419204042863305,2.5116858521308565,1.0,scored,Over,-156.0,0.4877,0.575,0.6094,15.0,False,0.0568,True,True,True,True,False,True,0.6410256410256411,0.6410256410256411,-1.0,0.6410256410256411
2025_02_JAX_CIN,2,player_receptions,Ja'Marr Chase,6.5,-134,106,2025-09-14T15:55:38Z,WR,receptions,14.0,False,4.498519489379294,4.31315644036615,1.0,scored,Under,106.0,0.7933,0.4588,0.4854,92.0,False,0.3079,False,False,False,False,False,True,-1.0,-1.0,-1.0,0.746268656716418
2025_02_JAX_CIN,2,player_receptions,Mike Gesicki,2.5,130,-166,2025-09-14T15:55:38Z,TE,receptions,3.0,False,2.6638150642069,2.587475080590431,1.0,scored,Over,130.0,0.4877,0.4106,0.4348,24.0,False,0.0655,True,True,True,True,False,True,1.3,1.3,-1.0,1.3
2025_02_JAX_CIN,2,player_receptions,Noah Fant,2.5,-108,-118,2025-09-14T15:55:38Z,TE,receptions,3.0,False,3.4776129345414266,3.0997518663047168,1.0,scored,Over,-108.0,0.5737,0.4896,0.5192,57.0,False,0.391,True,True,True,True,False,True,0.9259259259259259,0.9259259259259259,-1.0,0.9259259259259259
2025_02_JAX_CIN,2,player_receptions,Tee Higgins,5.5,-102,-124,2025-09-14T15:55:38Z,WR,receptions,3.0,False,4.079772399132194,4.042935852130856,1.0,scored,Under,-124.0,0.7386,0.523,0.5536,81.0,True,0.2582,False,True,False,True,True,False,0.8064516129032258,0.8064516129032258,0.8064516129032258,-1.0
2025_02_JAX_CIN,2,player_rush_yds,Bhayshul Tuten,18.5,-112,-112,2025-09-14T15:55:38Z,RB,rushing_yards,42.0,False,22.30574268726228,27.499647556390972,1.0,scored,Over,-112.0,0.4822,0.5,0.5283,17.0,False,0.2057,True,True,True,True,False,True,0.8928571428571429,0.8928571428571429,-1.0,0.8928571428571429
2025_02_JAX_CIN,2,player_rush_yds,Chase Brown,68.5,-112,-112,2025-09-14T15:55:38Z,RB,rushing_yards,47.0,False,67.42559542419087,46.32794877819549,1.0,scored,Under,-112.0,0.5706,0.5,0.5283,22.0,False,0.0157,False,True,False,True,True,False,0.8928571428571429,0.8928571428571429,0.8928571428571429,-1.0
2025_02_JAX_CIN,2,player_rush_yds,Joe Burrow,9.5,-126,-102,2025-09-14T15:55:38Z,QB,qb_rushing_yards,0.0,False,10.405238938602926,10.375975246969016,1.0,scored,Over,-126.0,0.4573,0.5247,0.5575,11.0,False,0.0953,True,False,True,False,True,False,-1.0,-1.0,0.9803921568627451,-1.0
2025_02_JAX_CIN,2,player_rush_yds,Travis Etienne Jr.,55.5,-112,-112,2025-09-14T15:55:38Z,RB,rushing_yards,71.0,False,63.62707338767302,62.07482377819549,1.0,scored,Over,-112.0,0.4959,0.5,0.5283,14.0,False,0.1464,True,True,True,True,False,True,0.8928571428571429,0.8928571428571429,-1.0,0.8928571428571429
2025_02_JAX_CIN,2,player_rush_yds,Trevor Lawrence,13.5,-112,-112,2025-09-14T15:55:38Z,QB,qb_rushing_yards,4.0,False,12.536567827072275,12.65465171755725,1.0,scored,Under,-112.0,0.6082,0.5,0.5283,33.0,False,0.0714,False,True,False,True,True,False,0.8928571428571429,0.8928571428571429,0.8928571428571429,-1.0
2025_02_LA_TEN,2,player_pass_yds,Cam Ward,196.5,-112,-112,2025-09-14T15:55:38Z,QB,passing_yards,175.0,False,162.16024490984736,180.1743797709924,1.0,scored,Under,-112.0,0.6028,0.5,0.5283,37.0,False,0.1748,False,True,False,True,True,False,0.8928571428571429,0.8928571428571429,0.8928571428571429,-1.0
2025_02_LA_TEN,2,player_pass_yds,Matthew Stafford,235.5,-112,-112,2025-09-14T15:55:38Z,QB,passing_yards,298.0,False,220.4112268827737,225.50906488549617,1.0,scored,Under,-112.0,0.5281,0.5,0.5283,16.0,False,0.0641,False,False,False,False,False,True,-1.0,-1.0,-1.0,0.8928571428571429
2025_02_LA_TEN,2,player_reception_yds,Calvin Ridley,55.5,-112,-112,2025-09-14T15:55:38Z,WR,receiving_yards,57.0,False,55.12803501365836,42.036012576768826,1.0,scored,Under,-112.0,0.5546,0.5,0.5283,19.0,False,0.0067,False,False,False,False,False,True,-1.0,-1.0,-1.0,0.8928571428571429
2025_02_LA_TEN,2,player_reception_yds,Davante Adams,60.5,-112,-112,2025-09-14T15:55:38Z,WR,receiving_yards,106.0,False,59.93280331060157,54.07540333307135,1.0,scored,Under,-112.0,0.56,0.5,0.5283,20.0,False,0.0094,False,False,False,False,False,True,-1.0,-1.0,-1.0,0.8928571428571429
2025_02_LA_TEN,2,player_reception_yds,Elic Ayomanor,26.5,-112,-112,2025-09-14T15:55:38Z,WR,receiving_yards,56.0,False,42.89633676293429,28.954378094714123,1.0,scored,Over,-112.0,0.5737,0.5,0.5283,52.0,False,0.6187,True,True,True,True,False,True,0.8928571428571429,0.8928571428571429,-1.0,0.8928571428571429
2025_02_LA_TEN,2,player_reception_yds,Kyren Williams,10.5,-112,-112,2025-09-14T15:55:38Z,RB,rb_receiving_yards,14.0,False,12.072269439167844,9.83607176423201,1.0,scored,Over,-112.0,0.4434,0.5,0.5283,14.0,False,0.1497,True,True,False,False,False,True,0.8928571428571429,-1.0,-1.0,0.8928571428571429
2025_02_LA_TEN,2,player_reception_yds,Puka Nacua,85.5,-112,-112,2025-09-14T15:55:38Z,WR,receiving_yards,91.0,False,85.62508518330608,79.10218904735706,1.0,scored,Over,-112.0,0.4546,0.5,0.5283,7.0,False,0.0015,True,True,False,False,False,True,0.8928571428571429,-1.0,-1.0,0.8928571428571429
2025_02_LA_TEN,2,player_reception_yds,Tony Pollard,15.5,-112,-112,2025-09-14T15:55:38Z,RB,rb_receiving_yards,0.0,False,17.576138441651104,17.64857176423201,1.0,scored,Over,-112.0,0.4434,0.5,0.5283,13.0,False,0.1339,True,False,True,False,True,False,-1.0,-1.0,0.8928571428571429,-1.0
2025_02_LA_TEN,2,player_reception_yds,Tutu Atwell,20.5,-112,-112,2025-09-14T15:55:38Z,WR,receiving_yards,0.0,False,22.9932603584695,27.902189047357066,1.0,scored,Over,-112.0,0.474,0.5,0.5283,13.0,False,0.1216,True,False,True,False,True,False,-1.0,-1.0,0.8928571428571429,-1.0
2025_02_LA_TEN,2,player_reception_yds,Tyler Lockett,17.5,-112,-112,2025-09-14T15:55:38Z,WR,receiving_yards,9.0,False,23.255281574767693,26.087483165004123,1.0,scored,Over,-112.0,0.5014,0.5,0.5283,23.0,False,0.3289,True,False,True,False,True,False,-1.0,-1.0,0.8928571428571429,-1.0
2025_02_LA_TEN,2,player_receptions,Calvin Ridley,4.5,-112,-112,2025-09-14T15:55:38Z,WR,receptions,3.0,False,4.216058081628372,3.423450558013209,1.0,scored,Under,-112.0,0.576,0.5,0.5283,32.0,False,0.0631,False,True,False,True,True,False,0.8928571428571429,0.8928571428571429,0.8928571428571429,-1.0
2025_02_LA_TEN,2,player_receptions,Davante Adams,5.5,116,-148,2025-09-14T15:55:38Z,WR,receptions,6.0,False,4.735526787378314,4.28847156641657,1.0,scored,Under,-148.0,0.6406,0.5631,0.5968,47.0,False,0.139,False,False,False,False,False,True,-1.0,-1.0,-1.0,1.16
2025_02_LA_TEN,2,player_receptions,Elic Ayomanor,2.5,-102,-124,2025-09-14T15:55:38Z,WR,receptions,4.0,False,3.282686873390475,2.523371704261712,1.0,scored,Over,-102.0,0.5538,0.477,0.505,53.0,False,0.3131,True,True,True,True,False,True,0.9803921568627451,0.9803921568627451,-1.0,0.9803921568627451
2025_02_LA_TEN,2,player_receptions,Puka Nacua,6.5,-164,128,2025-09-14T15:55:38Z,WR,receptions,8.0,False,6.84234156498084,6.204867670312675,1.0,scored,Over,-164.0,0.4959,0.5862,0.6212,15.0,False,0.0527,True,True,False,False,False,True,0.6097560975609756,-1.0,-1.0,0.6097560975609756
2025_02_LA_TEN,2,player_receptions,Tutu Atwell,1.5,-158,124,2025-09-14T15:55:38Z,WR,receptions,0.0,False,1.9718223823669805,2.311685852130856,1.0,scored,Over,-158.0,0.5316,0.5784,0.6124,43.0,False,0.3145,True,False,True,False,True,False,-1.0,-1.0,1.24,-1.0
2025_02_LA_TEN,2,player_receptions,Tyler Lockett,1.5,-138,108,2025-09-14T15:55:38Z,WR,receptions,2.0,False,1.8637264514346297,2.0925682050720327,1.0,scored,Over,-138.0,0.5178,0.5467,0.5798,35.0,False,0.2425,True,True,True,True,False,True,0.7246376811594203,0.7246376811594203,-1.0,0.7246376811594203
2025_02_LA_TEN,2,player_rush_yds,Cam Ward,12.5,-112,-112,2025-09-14T15:55:38Z,QB,qb_rushing_yards,8.0,False,8.063853550819495,10.384303435114504,1.0,scored,Under,-112.0,0.7113,0.5,0.5283,68.0,True,0.3549,False,True,False,True,True,False,0.8928571428571429,0.8928571428571429,0.8928571428571429,-1.0
2025_02_LA_TEN,2,player_rush_yds,Kyren Williams,75.5,-112,-112,2025-09-14T15:55:38Z,RB,rushing_yards,66.0,False,68.0505517665832,59.32013627819549,1.0,scored,Under,-112.0,0.6297,0.5,0.5283,39.0,False,0.0987,False,True,False,True,True,False,0.8928571428571429,0.8928571428571429,0.8928571428571429,-1.0
2025_02_LA_TEN,2,player_rush_yds,Tony Pollard,64.5,-112,-112,2025-09-14T15:55:38Z,RB,rushing_yards,92.0,False,70.22830264875736,52.66388627819549,1.0,scored,Over,-112.0,0.4795,0.5,0.5283,11.0,False,0.0888,True,True,False,False,False,True,0.8928571428571429,-1.0,-1.0,0.8928571428571429
2025_02_NE_MIA,2,player_pass_yds,Drake Maye,221.5,-112,-112,2025-09-14T15:55:38Z,QB,passing_yards,230.0,False,219.85736971559805,213.4910360393424,1.0,scored,Under,-112.0,0.46,0.5,0.5283,7.0,False,0.0074,False,False,False,False,False,True,-1.0,-1.0,-1.0,0.8928571428571429
2025_02_NE_MIA,2,player_pass_yds,Tua Tagovailoa,235.5,-112,-112,2025-09-14T15:55:38Z,QB,passing_yards,315.0,False,200.79858960706585,202.32582624913252,1.0,scored,Under,-112.0,0.6136,0.5,0.5283,38.0,False,0.1474,False,False,False,False,False,True,-1.0,-1.0,-1.0,0.8928571428571429
2025_02_NE_MIA,2,player_reception_yds,De'Von Achane,29.5,-112,-112,2025-09-14T15:55:38Z,RB,rb_receiving_yards,92.0,False,24.213801797367648,22.87927029364377,1.0,scored,Under,-112.0,0.6949,0.5,0.5283,57.0,False,0.1792,False,False,False,False,False,True,-1.0,-1.0,-1.0,0.8928571428571429
2025_02_NE_MIA,2,player_reception_yds,DeMario Douglas,28.5,-112,-112,2025-09-14T15:55:38Z,WR,receiving_yards,8.0,False,32.315791048061755,26.90687654735706,1.0,scored,Over,-112.0,0.4822,0.5,0.5283,13.0,False,0.1339,True,False,False,True,True,False,-1.0,0.8928571428571429,0.8928571428571429,-1.0
2025_02_NE_MIA,2,player_reception_yds,Hunter Henry,36.5,-112,-112,2025-09-14T15:55:38Z,TE,receiving_yards,9.0,False,43.86773440303756,40.95620016118086,1.0,scored,Over,-112.0,0.5014,0.5,0.5283,17.0,False,0.2019,True,False,True,False,True,False,-1.0,-1.0,0.8928571428571429,-1.0
2025_02_NE_MIA,2,player_reception_yds,Jaylen Waddle,49.5,-112,-112,2025-09-14T15:55:38Z,WR,receiving_yards,68.0,False,42.53910834457028,38.95218904735706,1.0,scored,Under,-112.0,0.6352,0.5,0.5283,42.0,False,0.1406,False,False,False,False,False,True,-1.0,-1.0,-1.0,0.8928571428571429
2025_02_NE_MIA,2,player_reception_yds,Kayshon Boutte,42.5,-112,-112,2025-09-14T15:55:38Z,WR,receiving_yards,16.0,False,52.660439232966816,53.32718904735706,1.0,scored,Over,-112.0,0.5123,0.5,0.5283,21.0,False,0.2391,True,False,True,False,True,False,-1.0,-1.0,0.8928571428571429,-1.0
2025_02_NE_MIA,2,player_reception_yds,Malik Washington,25.5,-112,-112,2025-09-14T15:55:38Z,WR,receiving_yards,2.0,False,31.883094485926115,23.82540333307135,1.0,scored,Over,-112.0,0.5014,0.5,0.5283,19.0,False,0.2503,True,False,False,True,True,False,-1.0,0.8928571428571429,0.8928571428571429,-1.0
2025_02_NE_MIA,2,player_reception_yds,Stefon Diggs,43.5,-112,-112,2025-09-14T15:55:38Z,WR,receiving_yards,32.0,False,48.916007286558525,50.35218904735706,1.0,scored,Over,-112.0,0.4849,0.5,0.5283,13.0,False,0.1245,True,False,True,False,True,False,-1.0,-1.0,0.8928571428571429,-1.0
2025_02_NE_MIA,2,player_reception_yds,TreVeyon Henderson,18.5,-112,-112,2025-09-14T15:55:38Z,RB,rb_receiving_yards,30.0,False,17.55348510581082,15.640893528464018,1.0,scored,Under,-112.0,0.6352,0.5,0.5283,38.0,False,0.0512,False,False,False,False,False,True,-1.0,-1.0,-1.0,0.8928571428571429
2025_02_NE_MIA,2,player_reception_yds,Tyreek Hill,64.5,-112,-112,2025-09-14T15:55:38Z,WR,receiving_yards,109.0,False,48.49759042495194,44.00660081206294,1.0,scored,Under,-112.0,0.7167,0.5,0.5283,64.0,False,0.2481,False,False,False,False,False,True,-1.0,-1.0,-1.0,0.8928571428571429
2025_02_NE_MIA,2,player_receptions,DeMario Douglas,3.5,120,-154,2025-09-14T15:55:38Z,WR,receptions,1.0,False,3.215752573925359,3.0585608521308565,1.0,scored,Under,-154.0,0.5813,0.5715,0.6063,28.0,False,0.0812,False,True,False,True,True,False,0.6493506493506493,0.6493506493506493,0.6493506493506493,-1.0
2025_02_NE_MIA,2,player_receptions,Hunter Henry,3.5,-102,-124,2025-09-14T15:55:38Z,TE,receptions,1.0,False,3.536310906362208,3.360912580590431,1.0,scored,Over,-102.0,0.4712,0.477,0.505,11.0,False,0.0104,True,False,False,True,True,False,-1.0,0.8064516129032258,0.8064516129032258,-1.0
2025_02_NE_MIA,2,player_receptions,Jaylen Waddle,4.5,102,-128,2025-09-14T15:55:38Z,WR,receptions,5.0,False,3.6091480196315566,3.461685852130856,1.0,scored,Under,-128.0,0.6731,0.5314,0.5614,63.0,False,0.198,False,False,False,False,False,True,-1.0,-1.0,-1.0,1.02
2025_02_NE_MIA,2,player_receptions,Kayshon Boutte,3.5,106,-134,2025-09-14T15:55:38Z,WR,receptions,1.0,False,3.7262668516009145,3.586685852130856,1.0,scored,Over,106.0,0.4932,0.4588,0.4854,19.0,False,0.0646,True,False,True,False,True,False,-1.0,-1.0,0.746268656716418,-1.0
2025_02_NE_MIA,2,player_receptions,Malik Washington,2.5,-136,108,2025-09-14T15:55:38Z,WR,receptions,1.0,False,2.601924186107194,2.208114423559428,1.0,scored,Over,-136.0,0.4822,0.5452,0.5763,14.0,False,0.0408,True,False,False,True,True,False,-1.0,1.08,1.08,-1.0
2025_02_NE_MIA,2,player_receptions,Stefon Diggs,3.5,-156,122,2025-09-14T15:55:38Z,WR,receptions,4.0,False,4.577598679490887,4.7148108521308565,1.0,scored,Over,-156.0,0.568,0.575,0.6094,47.0,False,0.3079,True,True,True,True,False,True,0.6410256410256411,0.6410256410256411,-1.0,0.6410256410256411
2025_02_NE_MIA,2,player_receptions,Tyreek Hill,5.5,106,-134,2025-09-14T15:55:38Z,WR,receptions,6.0,False,4.034490197217762,3.798450558013209,1.0,scored,Under,-134.0,0.7441,0.5412,0.5726,83.0,True,0.2665,False,False,False,False,False,True,-1.0,-1.0,-1.0,1.06
2025_02_NE_MIA,2,player_rush_yds,De'Von Achane,62.5,-112,-112,2025-09-14T15:55:38Z,RB,rushing_yards,30.0,False,53.668110198728016,46.13217671937196,1.0,scored,Under,-112.0,0.6568,0.5,0.5283,47.0,False,0.1413,False,True,False,True,True,False,0.8928571428571429,0.8928571428571429,0.8928571428571429,-1.0
2025_02_NE_MIA,2,player_rush_yds,Drake Maye,25.5,-112,-112,2025-09-14T15:55:38Z,QB,qb_rushing_yards,31.0,False,22.080153283734084,20.086382486788025,1.0,scored,Under,-112.0,0.6514,0.5,0.5283,46.0,False,0.1341,False,False,False,False,False,True,-1.0,-1.0,-1.0,0.8928571428571429
2025_02_NE_MIA,2,player_rush_yds,Ollie Gordon II,17.5,-112,-112,2025-09-14T15:55:38Z,RB,rushing_yards,8.0,False,23.288505062773435,25.749647556390972,1.0,scored,Over,-112.0,0.5014,0.5,0.5283,23.0,False,0.3308,True,False,True,False,True,False,-1.0,-1.0,0.8928571428571429,-1.0
2025_02_NE_MIA,2,player_rush_yds,Rhamondre Stevenson,36.5,-112,-112,2025-09-14T15:55:38Z,RB,rushing_yards,54.0,False,39.83171048797264,36.14982377819549,1.0,scored,Over,-112.0,0.4712,0.5,0.5283,11.0,False,0.0913,True,True,False,False,False,True,0.8928571428571429,-1.0,-1.0,0.8928571428571429
2025_02_NE_MIA,2,player_rush_yds,TreVeyon Henderson,37.5,-112,-112,2025-09-14T15:55:38Z,RB,rushing_yards,10.0,False,32.51174354897154,31.499647556390972,1.0,scored,Under,-112.0,0.6243,0.5,0.5283,40.0,False,0.133,False,True,False,True,True,False,0.8928571428571429,0.8928571428571429,0.8928571428571429,-1.0
2025_02_NE_MIA,2,player_rush_yds,Tua Tagovailoa,2.5,-112,-112,2025-09-14T15:55:38Z,QB,qb_rushing_yards,0.0,False,8.235809926084109,8.612606263011797,1.0,scored,Over,-112.0,0.5824,0.5,0.5283,54.0,False,2.2943,True,False,True,False,True,False,-1.0,-1.0,0.8928571428571429,-1.0
2025_02_NYG_DAL,2,player_pass_yds,Dak Prescott,251.5,-112,-112,2025-09-14T15:55:38Z,QB,passing_yards,361.0,False,207.74628075225465,215.80593988549617,1.0,scored,Under,-112.0,0.6622,0.5,0.5283,50.0,False,0.174,False,False,False,False,False,True,-1.0,-1.0,-1.0,0.8928571428571429
2025_02_NYG_DAL,2,player_pass_yds,Russell Wilson,210.5,-112,-112,2025-09-14T15:55:38Z,QB,passing_yards,450.0,False,218.65546511466903,202.70082624913252,1.0,scored,Over,-112.0,0.526,0.5,0.5283,14.0,False,0.0387,True,True,False,False,False,True,0.8928571428571429,-1.0,-1.0,0.8928571428571429
2025_02_NYG_DAL,2,player_reception_yds,CeeDee Lamb,78.5,-112,-112,2025-09-14T15:55:38Z,WR,receiving_yards,112.0,False,81.08289221140893,70.20218904735705,1.0,scored,Over,-112.0,0.4629,0.5,0.5283,8.0,False,0.0329,True,True,False,False,False,True,0.8928571428571429,-1.0,-1.0,0.8928571428571429
2025_02_NYG_DAL,2,player_reception_yds,Darius Slayton,24.5,-112,-112,2025-09-14T15:55:38Z,WR,receiving_yards,61.0,False,22.23671887698414,26.28187654735706,1.0,scored,Under,-112.0,0.5921,0.5,0.5283,31.0,False,0.0924,False,False,True,True,False,True,-1.0,0.8928571428571429,-1.0,0.8928571428571429
2025_02_NYG_DAL,2,player_reception_yds,George Pickens,56.5,-112,-112,2025-09-14T15:55:38Z,WR,receiving_yards,68.0,False,42.78223744028181,44.45933190449992,1.0,scored,Under,-112.0,0.7003,0.5,0.5283,62.0,False,0.2428,False,False,False,False,False,True,-1.0,-1.0,-1.0,0.8928571428571429
2025_02_NYG_DAL,2,player_reception_yds,Jake Ferguson,36.5,-112,-112,2025-09-14T15:55:38Z,TE,receiving_yards,78.0,False,35.27421143111917,27.64146801832372,1.0,scored,Under,-112.0,0.5706,0.5,0.5283,23.0,False,0.0336,False,False,False,False,False,True,-1.0,-1.0,-1.0,0.8928571428571429
2025_02_NYG_DAL,2,player_reception_yds,Jalen Tolbert,13.5,-112,-112,2025-09-14T15:55:38Z,WR,receiving_yards,16.0,False,25.43588909387014,26.308071400298235,1.0,scored,Over,-112.0,0.5651,0.5,0.5283,50.0,False,0.8841,True,True,True,True,False,True,0.8928571428571429,0.8928571428571429,-1.0,0.8928571428571429
2025_02_NYG_DAL,2,player_reception_yds,Javonte Williams,13.5,-112,-112,2025-09-14T15:55:38Z,RB,rb_receiving_yards,33.0,False,17.338911928211996,14.95279970540848,1.0,scored,Over,-112.0,0.4657,0.5,0.5283,21.0,False,0.2844,True,True,True,True,False,True,0.8928571428571429,0.8928571428571429,-1.0,0.8928571428571429
2025_02_NYG_DAL,2,player_reception_yds,KaVontae Turpin,16.5,-112,-112,2025-09-14T15:55:38Z,WR,receiving_yards,47.0,False,25.759435868367685,26.61689492971,1.0,scored,Over,-112.0,0.5343,0.5,0.5283,42.0,False,0.5612,True,True,True,True,False,True,0.8928571428571429,0.8928571428571429,-1.0,0.8928571428571429
2025_02_NYG_DAL,2,player_reception_yds,Malik Nabers,76.5,-112,-112,2025-09-14T15:55:38Z,WR,receiving_yards,167.0,False,71.91423286948456,60.70218904735706,1.0,scored,Under,-112.0,0.5921,0.5,0.5283,29.0,False,0.0599,False,False,False,False,False,True,-1.0,-1.0,-1.0,0.8928571428571429
2025_02_NYG_DAL,2,player_reception_yds,Theo Johnson,21.5,-112,-112,2025-09-14T15:55:38Z,TE,receiving_yards,34.0,False,23.204305301196676,21.19341607027177,1.0,scored,Over,-112.0,0.4657,0.5,0.5283,10.0,False,0.0793,True,True,False,False,False,True,0.8928571428571429,-1.0,-1.0,0.8928571428571429
2025_02_NYG_DAL,2,player_reception_yds,Tyrone Tracy Jr.,15.5,-112,-112,2025-09-14T15:55:38Z,RB,rb_receiving_yards,36.0,False,17.391173898796254,13.83515264658495,1.0,scored,Over,-112.0,0.4434,0.5,0.5283,13.0,False,0.122,True,True,False,False,False,True,0.8928571428571429,-1.0,-1.0,0.8928571428571429
2025_02_NYG_DAL,2,player_reception_yds,Wan'Dale Robinson,38.5,-112,-112,2025-09-14T15:55:38Z,WR,receiving_yards,142.0,False,49.4683192181859,42.02130669441589,1.0,scored,Over,-112.0,0.5233,0.5,0.5283,26.0,False,0.2849,True,True,True,True,False,True,0.8928571428571429,0.8928571428571429,-1.0,0.8928571428571429
2025_02_NYG_DAL,2,player_receptions,CeeDee Lamb,6.5,-112,-112,2025-09-14T15:55:38Z,WR,receptions,9.0,False,6.133733990882115,5.286685852130856,1.0,scored,Under,-112.0,0.576,0.5,0.5283,32.0,False,0.0563,False,False,False,False,False,True,-1.0,-1.0,-1.0,0.8928571428571429
2025_02_NYG_DAL,2,player_receptions,Darius Slayton,2.5,130,-166,2025-09-14T15:55:38Z,WR,receptions,2.0,False,1.6620646550975229,1.9257483521308565,1.0,scored,Under,-166.0,0.7113,0.5894,0.6241,76.0,True,0.3352,False,True,False,True,True,False,0.6024096385542169,0.6024096385542169,0.6024096385542169,-1.0
2025_02_NYG_DAL,2,player_receptions,George Pickens,4.5,128,-164,2025-09-14T15:55:38Z,WR,receptions,5.0,False,3.297025779063799,3.342042994987999,1.0,scored,Under,-164.0,0.7277,0.5862,0.6212,75.0,True,0.2673,False,False,False,False,False,True,-1.0,-1.0,-1.0,1.28
2025_02_NYG_DAL,2,player_receptions,Jake Ferguson,4.5,126,-160,2025-09-14T15:55:38Z,TE,receptions,9.0,False,3.818204693918612,3.644394723447574,1.0,scored,Under,-160.0,0.6406,0.5817,0.6154,46.0,False,0.1515,False,False,False,False,False,True,-1.0,-1.0,-1.0,1.26
2025_02_NYG_DAL,2,player_receptions,Jalen Tolbert,1.5,100,-128,2025-09-14T15:55:38Z,WR,receptions,2.0,False,2.1893174261442185,2.3425682050720327,1.0,scored,Over,100.0,0.5566,0.4711,0.5,55.0,False,0.4595,True,True,True,True,False,True,1.0,1.0,-1.0,1.0
2025_02_NYG_DAL,2,player_receptions,KaVontae Turpin,1.5,-136,108,2025-09-14T15:55:38Z,WR,receptions,4.0,False,2.117381956603285,2.195509381542621,1.0,scored,Over,-136.0,0.551,0.5452,0.5763,46.0,False,0.4116,True,True,True,True,False,True,0.7352941176470589,0.7352941176470589,-1.0,0.7352941176470589
2025_02_NYG_DAL,2,player_receptions,Malik Nabers,6.5,102,-128,2025-09-14T15:55:38Z,WR,receptions,9.0,False,5.750623503778016,4.986685852130856,1.0,scored,Under,-128.0,0.6243,0.5314,0.5614,44.0,False,0.1153,False,False,False,False,False,True,-1.0,-1.0,-1.0,1.02
2025_02_NYG_DAL,2,player_receptions,Theo Johnson,2.5,112,-142,2025-09-14T15:55:38Z,TE,receptions,4.0,False,2.0439848300716976,2.0526739442267945,1.0,scored,Under,-142.0,0.6243,0.5544,0.5868,48.0,False,0.1824,False,False,False,False,False,True,-1.0,-1.0,-1.0,1.12
2025_02_NYG_DAL,2,player_receptions,Wan'Dale Robinson,3.5,-150,118,2025-09-14T15:55:38Z,WR,receptions,8.0,False,4.844023172167027,4.56315644036615,1.0,scored,Over,-150.0,0.5912,0.5667,0.6,53.0,False,0.384,True,True,True,True,False,True,0.6666666666666666,0.6666666666666666,-1.0,0.6666666666666666
2025_02_NYG_DAL,2,player_rush_yds,Dak Prescott,3.5,-118,-108,2025-09-14T15:55:38Z,QB,qb_rushing_yards,17.0,False,7.784708655207476,8.473401717557252,1.0,scored,Over,-118.0,0.5427,0.5104,0.5413,45.0,False,1.2242,True,True,True,True,False,True,0.847457627118644,0.847457627118644,-1.0,0.847457627118644
2025_02_NYG_DAL,2,player_rush_yds,Javonte Williams,51.5,-112,-112,2025-09-14T15:55:38Z,RB,rushing_yards,97.0,False,53.6353455900665,37.19100024878372,1.0,scored,Over,-112.0,0.4629,0.5,0.5283,9.0,False,0.0415,True,True,False,False,False,True,0.8928571428571429,-1.0,-1.0,0.8928571428571429
2025_02_NYG_DAL,2,player_rush_yds,Miles Sanders,15.5,-112,-112,2025-09-14T15:55:38Z,RB,rushing_yards,15.0,False,33.076608365407,32.61346014183185,1.0,scored,Over,-112.0,0.6001,0.5,0.5283,58.0,False,1.134,True,False,True,False,True,False,-1.0,-1.0,0.8928571428571429,-1.0
2025_02_NYG_DAL,2,player_rush_yds,Russell Wilson,15.5,-112,-112,2025-09-14T15:55:38Z,QB,qb_rushing_yards,23.0,False,27.06638763892495,21.47624262664816,1.0,scored,Over,-112.0,0.6031,0.5,0.5283,59.0,False,0.7462,True,True,True,True,False,True,0.8928571428571429,0.8928571428571429,-1.0,0.8928571428571429
2025_02_NYG_DAL,2,player_rush_yds,Tyrone Tracy Jr.,53.5,-112,-112,2025-09-14T15:55:38Z,RB,rushing_yards,15.0,False,44.17129364618636,36.88217671937196,1.0,scored,Under,-112.0,0.6731,0.5,0.5283,52.0,False,0.1744,False,True,False,True,True,False,0.8928571428571429,0.8928571428571429,0.8928571428571429,-1.0
2025_02_SEA_PIT,2,player_pass_yds,Aaron Rodgers,228.5,-112,-112,2025-09-14T15:55:38Z,QB,passing_yards,203.0,False,217.6617396599032,223.05042517961385,1.0,scored,Under,-112.0,0.507,0.5,0.5283,10.0,False,0.0474,False,True,False,True,True,False,0.8928571428571429,0.8928571428571429,0.8928571428571429,-1.0
2025_02_SEA_PIT,2,player_pass_yds,Sam Darnold,197.5,-112,-112,2025-09-14T15:55:38Z,QB,passing_yards,295.0,False,200.12874293061435,208.8592487090256,1.0,scored,Over,-112.0,0.5096,0.5,0.5283,9.0,False,0.0133,True,True,True,True,False,True,0.8928571428571429,0.8928571428571429,-1.0,0.8928571428571429
2025_02_SEA_PIT,2,player_reception_yds,Calvin Austin III,37.5,-112,-112,2025-09-14T15:55:38Z,WR,receiving_yards,22.0,False,47.958461626439416,42.44042434147471,1.0,scored,Over,-112.0,0.5205,0.5,0.5283,25.0,False,0.2789,True,False,True,False,True,False,-1.0,-1.0,0.8928571428571429,-1.0
2025_02_SEA_PIT,2,player_reception_yds,Cooper Kupp,31.5,-112,-112,2025-09-14T15:55:38Z,WR,receiving_yards,90.0,False,39.319778127481264,38.78968904735706,1.0,scored,Over,-112.0,0.5068,0.5,0.5283,20.0,False,0.2482,True,True,True,True,False,True,0.8928571428571429,0.8928571428571429,-1.0,0.8928571428571429
2025_02_SEA_PIT,2,player_reception_yds,DK Metcalf,66.5,-112,-112,2025-09-14T15:55:38Z,WR,receiving_yards,20.0,False,61.83254218006738,58.40218904735706,1.0,scored,Under,-112.0,0.5974,0.5,0.5283,31.0,False,0.0702,False,True,False,True,True,False,0.8928571428571429,0.8928571428571429,0.8928571428571429,-1.0
2025_02_SEA_PIT,2,player_reception_yds,Jaxon Smith-Njigba,70.5,-112,-112,2025-09-14T15:55:38Z,WR,receiving_yards,103.0,False,93.97427851069853,68.77865963559236,1.0,scored,Over,-112.0,0.5566,0.5,0.5283,35.0,False,0.333,True,True,False,False,False,True,0.8928571428571429,-1.0,-1.0,0.8928571428571429
2025_02_SEA_PIT,2,player_reception_yds,Jaylen Warren,14.5,-112,-112,2025-09-14T15:55:38Z,RB,rb_receiving_yards,86.0,False,18.43402189568034,18.07044676423201,1.0,scored,Over,-112.0,0.4657,0.5,0.5283,20.0,False,0.2713,True,True,True,True,False,True,0.8928571428571429,0.8928571428571429,-1.0,0.8928571428571429
2025_02_SEA_PIT,2,player_reception_yds,Jonnu Smith,29.5,-112,-112,2025-09-14T15:55:38Z,TE,receiving_yards,27.0,False,40.4734620456456,31.90932516118086,1.0,scored,Over,-112.0,0.5316,0.5,0.5283,32.0,False,0.372,True,False,True,False,True,False,-1.0,-1.0,0.8928571428571429,-1.0
2025_02_SEA_PIT,2,player_reception_yds,Kenneth Walker III,13.5,-112,-112,2025-09-14T15:55:38Z,RB,rb_receiving_yards,13.0,False,18.265085063730996,16.013628582413826,1.0,scored,Over,-112.0,0.474,0.5,0.5283,24.0,False,0.353,True,False,True,False,True,False,-1.0,-1.0,0.8928571428571429,-1.0
2025_02_SEA_PIT,2,player_reception_yds,Pat Freiermuth,24.5,-112,-112,2025-09-14T15:55:38Z,TE,receiving_yards,31.0,False,31.57403244165725,30.063736925886744,1.0,scored,Over,-112.0,0.5068,0.5,0.5283,22.0,False,0.2887,True,True,True,True,False,True,0.8928571428571429,0.8928571428571429,-1.0,0.8928571428571429
2025_02_SEA_PIT,2,player_reception_yds,Zach Charbonnet,9.5,-112,-112,2025-09-14T15:55:38Z,RB,rb_receiving_yards,0.0,False,11.042288075167784,12.32044676423201,1.0,scored,Over,-112.0,0.4434,0.5,0.5283,15.0,False,0.1623,True,False,True,False,True,False,-1.0,-1.0,0.8928571428571429,-1.0
2025_02_SEA_PIT,2,player_receptions,Calvin Austin III,3.5,126,-160,2025-09-14T15:55:38Z,WR,receptions,1.0,False,3.2386811485095066,2.80580349918968,1.0,scored,Under,-160.0,0.576,0.5817,0.6154,26.0,False,0.0747,False,True,False,True,True,False,0.625,0.625,0.625,-1.0
2025_02_SEA_PIT,2,player_receptions,Cooper Kupp,3.5,126,-160,2025-09-14T15:55:38Z,WR,receptions,7.0,False,3.5611475005596787,3.605435852130856,1.0,scored,Over,126.0,0.474,0.4183,0.4425,17.0,False,0.0175,True,True,True,True,False,True,1.26,1.26,-1.0,1.26
2025_02_SEA_PIT,2,player_receptions,DK Metcalf,4.5,-136,108,2025-09-14T15:55:38Z,WR,receptions,3.0,False,4.110579941345373,3.661685852130856,1.0,scored,Under,108.0,0.5921,0.4548,0.4808,42.0,False,0.0865,False,True,False,True,True,False,1.08,1.08,1.08,-1.0
2025_02_SEA_PIT,2,player_receptions,Jaxon Smith-Njigba,6.5,116,-148,2025-09-14T15:55:38Z,WR,receptions,8.0,False,7.128814337054664,5.467568205072033,1.0,scored,Over,116.0,0.5151,0.4369,0.463,29.0,False,0.0967,True,True,False,False,False,True,1.16,-1.0,-1.0,1.16
2025_02_SEA_PIT,2,player_receptions,Jonnu Smith,3.5,-110,-116,2025-09-14T15:55:38Z,TE,receptions,4.0,False,4.247813733504415,4.005214051178666,1.0,scored,Over,-110.0,0.5399,0.4938,0.5238,39.0,False,0.2137,True,True,True,True,False,True,0.9090909090909091,0.9090909090909091,-1.0,0.9090909090909091
2025_02_SEA_PIT,2,player_receptions,Pat Freiermuth,2.5,-156,122,2025-09-14T15:55:38Z,TE,receptions,3.0,False,2.944881890611795,2.997861110002196,1.0,scored,Over,-156.0,0.5205,0.575,0.6094,29.0,False,0.178,True,True,True,True,False,True,0.6410256410256411,0.6410256410256411,-1.0,0.6410256410256411
2025_02_SEA_PIT,2,player_rush_yds,Jaylen Warren,48.5,-112,-112,2025-09-14T15:55:38Z,RB,rushing_yards,48.0,False,43.77975235833628,34.39982377819549,1.0,scored,Under,-112.0,0.619,0.5,0.5283,37.0,False,0.0973,False,True,False,True,True,False,0.8928571428571429,0.8928571428571429,0.8928571428571429,-1.0
2025_02_SEA_PIT,2,player_rush_yds,Kenneth Walker III,46.5,-112,-112,2025-09-14T15:55:38Z,RB,rushing_yards,105.0,False,39.97661830116107,36.9089146872864,1.0,scored,Under,-112.0,0.6406,0.5,0.5283,44.0,False,0.1403,False,False,False,False,False,True,-1.0,-1.0,-1.0,0.8928571428571429
2025_02_SEA_PIT,2,player_rush_yds,Sam Darnold,9.5,-112,-112,2025-09-14T15:55:38Z,QB,qb_rushing_yards,0.0,False,11.946721890089488,13.368622305792544,1.0,scored,Over,-112.0,0.4822,0.5,0.5283,19.0,False,0.2575,True,False,True,False,True,False,-1.0,-1.0,0.8928571428571429,-1.0
2025_02_SEA_PIT,2,player_rush_yds,Zach Charbonnet,42.5,-112,-112,2025-09-14T15:55:38Z,RB,rushing_yards,10.0,False,42.14721462068708,36.67629436643078,1.0,scored,Under,-112.0,0.5653,0.5,0.5283,21.0,False,0.0083,False,True,False,True,True,False,0.8928571428571429,0.8928571428571429,0.8928571428571429,-1.0
2025_02_SF_NO,2,player_pass_yds,Spencer Rattler,203.5,-112,-112,2025-09-14T15:55:38Z,QB,passing_yards,207.0,False,199.5567785395357,200.1407613140676,1.0,scored,Under,-112.0,0.4704,0.5,0.5283,7.0,False,0.0194,False,False,False,False,False,True,-1.0,-1.0,-1.0,0.8928571428571429
2025_02_SF_NO,2,player_reception_yds,Alvin Kamara,23.5,-112,-112,2025-09-14T15:55:38Z,RB,rb_receiving_yards,21.0,False,19.697385921593288,22.365089621374864,1.0,scored,Under,-112.0,0.684,0.5,0.5283,54.0,False,0.1618,False,True,False,True,True,False,0.8928571428571429,0.8928571428571429,0.8928571428571429,-1.0
2025_02_SF_NO,2,player_reception_yds,Brandin Cooks,15.5,-112,-112,2025-09-14T15:55:38Z,WR,receiving_yards,26.0,False,29.07499976294402,29.06468904735706,1.0,scored,Over,-112.0,0.5737,0.5,0.5283,52.0,False,0.8758,True,True,True,True,False,True,0.8928571428571429,0.8928571428571429,-1.0,0.8928571428571429
2025_02_SF_NO,2,player_reception_yds,Chris Olave,56.5,-112,-112,2025-09-14T15:55:38Z,WR,receiving_yards,54.0,False,56.57435896116184,45.10218904735706,1.0,scored,Over,-112.0,0.4546,0.5,0.5283,7.0,False,0.0013,True,False,False,True,True,False,-1.0,0.8928571428571429,0.8928571428571429,-1.0
2025_02_SF_NO,2,player_reception_yds,Christian McCaffrey,34.5,-112,-112,2025-09-14T15:55:38Z,RB,rb_receiving_yards,52.0,False,38.27024881621078,36.75794676423201,1.0,scored,Over,-112.0,0.4462,0.5,0.5283,12.0,False,0.1093,True,True,True,True,False,True,0.8928571428571429,0.8928571428571429,-1.0,0.8928571428571429
2025_02_SF_NO,2,player_reception_yds,Jauan Jennings,38.5,-112,-112,2025-09-14T15:55:38Z,WR,receiving_yards,89.0,False,40.91843739260552,41.22718904735706,1.0,scored,Over,-112.0,0.4684,0.5,0.5283,10.0,False,0.0628,True,True,True,True,False,True,0.8928571428571429,0.8928571428571429,-1.0,0.8928571428571429
2025_02_SF_NO,2,player_reception_yds,Juwan Johnson,34.5,-112,-112,2025-09-14T15:55:38Z,TE,receiving_yards,49.0,False,50.33618341697825,41.35932516118086,1.0,scored,Over,-112.0,0.5566,0.5,0.5283,42.0,False,0.459,True,True,True,True,False,True,0.8928571428571429,0.8928571428571429,-1.0,0.8928571428571429
2025_02_SF_NO,2,player_reception_yds,Rashid Shaheed,41.5,-112,-112,2025-09-14T15:55:38Z,WR,receiving_yards,52.0,False,47.86373374585602,42.91468904735706,1.0,scored,Over,-112.0,0.4932,0.5,0.5283,14.0,False,0.1533,True,True,True,True,False,True,0.8928571428571429,0.8928571428571429,-1.0,0.8928571428571429
2025_02_SF_NO,2,player_reception_yds,Ricky Pearsall,57.5,-112,-112,2025-09-14T15:55:38Z,WR,receiving_yards,56.0,False,53.94778564950827,53.4885526837207,1.0,scored,Under,-112.0,0.5921,0.5,0.5283,29.0,False,0.0618,False,True,False,True,True,False,0.8928571428571429,0.8928571428571429,0.8928571428571429,-1.0
2025_02_SF_NO,2,player_receptions,Brandin Cooks,1.5,-122,-106,2025-09-14T15:55:38Z,WR,receptions,2.0,False,2.634224612649076,2.736685852130856,1.0,scored,Over,-122.0,0.6062,0.5164,0.5495,61.0,False,0.7561,True,True,True,True,False,True,0.819672131147541,0.819672131147541,-1.0,0.819672131147541
2025_02_SF_NO,2,player_receptions,Chris Olave,4.5,-148,116,2025-09-14T15:55:38Z,WR,receptions,6.0,False,4.883605934518839,4.2616858521308565,1.0,scored,Over,-148.0,0.5041,0.5631,0.5968,18.0,False,0.0852,True,True,False,False,False,True,0.6756756756756757,-1.0,-1.0,0.6756756756756757
2025_02_SF_NO,2,player_receptions,Jauan Jennings,3.5,-102,-124,2025-09-14T15:55:38Z,WR,receptions,5.0,False,3.422270008319084,3.4366858521308563,1.0,scored,Under,-124.0,0.5387,0.523,0.5536,18.0,False,0.0222,False,False,False,False,False,True,-1.0,-1.0,-1.0,0.9803921568627451
2025_02_SF_NO,2,player_receptions,Juwan Johnson,3.5,-138,108,2025-09-14T15:55:38Z,TE,receptions,5.0,False,4.502577214911147,4.064037580590432,1.0,scored,Over,-138.0,0.5623,0.5467,0.5798,46.0,False,0.2865,True,True,True,True,False,True,0.7246376811594203,0.7246376811594203,-1.0,0.7246376811594203
2025_02_SF_NO,2,player_receptions,Rashid Shaheed,3.5,-112,-112,2025-09-14T15:55:38Z,WR,receptions,4.0,False,4.033455498319636,3.761685852130856,1.0,scored,Over,-112.0,0.5233,0.5,0.5283,29.0,False,0.1524,True,True,True,True,False,True,0.8928571428571429,0.8928571428571429,-1.0,0.8928571428571429
2025_02_SF_NO,2,player_receptions,Ricky Pearsall,4.5,-108,-118,2025-09-14T15:55:38Z,WR,receptions,4.0,False,3.3714439051211462,3.068504033949038,1.0,scored,Under,-118.0,0.7167,0.5104,0.5413,78.0,True,0.2508,False,True,False,True,True,False,0.847457627118644,0.847457627118644,0.847457627118644,-1.0
2025_02_SF_NO,2,player_rush_yds,Alvin Kamara,48.5,-112,-112,2025-09-14T15:55:38Z,RB,rushing_yards,99.0,False,54.7854058034344,49.07125234962406,1.0,scored,Over,-112.0,0.4877,0.5,0.5283,13.0,False,0.1296,True,True,True,True,False,True,0.8928571428571429,0.8928571428571429,-1.0,0.8928571428571429
2025_02_SF_NO,2,player_rush_yds,Brian Robinson Jr.,26.5,-112,-112,2025-09-14T15:55:38Z,RB,rushing_yards,20.0,False,40.58297972287384,42.0266094924812,1.0,scored,Over,-112.0,0.5538,0.5,0.5283,45.0,False,0.5314,True,False,True,False,True,False,-1.0,-1.0,0.8928571428571429,-1.0
2025_02_SF_NO,2,player_rush_yds,Christian McCaffrey,77.5,-112,-112,2025-09-14T15:55:38Z,RB,rushing_yards,55.0,False,58.32358601146818,48.56232377819549,1.0,scored,Under,-112.0,0.7386,0.5,0.5283,66.0,True,0.2474,False,True,False,True,True,False,0.8928571428571429,0.8928571428571429,0.8928571428571429,-1.0
2025_02_SF_NO,2,player_rush_yds,Kendre Miller,17.5,-112,-112,2025-09-14T15:55:38Z,RB,rushing_yards,8.0,False,28.483121130020788,27.624823778195488,1.0,scored,Over,-112.0,0.5399,0.5,0.5283,45.0,False,0.6276,True,False,True,False,True,False,-1.0,-1.0,0.8928571428571429,-1.0
2025_02_SF_NO,2,player_rush_yds,Spencer Rattler,18.5,-112,-112,2025-09-14T15:55:38Z,QB,qb_rushing_yards,14.0,False,21.892918867939485,20.263580288985825,1.0,scored,Over,-112.0,0.4822,0.5,0.5283,16.0,False,0.1834,True,False,True,False,True,False,-1.0,-1.0,0.8928571428571429,-1.0
2025_02_WAS_GB,2,player_pass_yds,Jayden Daniels,228.5,-112,-112,2025-09-11T23:10:39Z,QB,passing_yards,200.0,False,226.42985306027649,213.04307223843736,1.0,scored,Under,-112.0,0.4652,0.5,0.5283,7.0,False,0.0091,False,True,False,True,True,False,0.8928571428571429,0.8928571428571429,0.8928571428571429,-1.0
2025_02_WAS_GB,2,player_pass_yds,Jordan Love,236.5,-112,-112,2025-09-11T23:10:39Z,QB,passing_yards,292.0,False,200.885621014972,207.8121898854962,1.0,scored,Under,-112.0,0.619,0.5,0.5283,40.0,False,0.1506,False,False,False,False,False,True,-1.0,-1.0,-1.0,0.8928571428571429
2025_02_WAS_GB,2,player_reception_yds,Austin Ekeler,23.5,-112,-112,2025-09-11T23:10:39Z,RB,rb_receiving_yards,7.0,False,21.286926852154227,24.00794676423201,1.0,scored,Under,-112.0,0.6568,0.5,0.5283,45.0,False,0.0942,False,True,True,False,True,False,0.8928571428571429,-1.0,0.8928571428571429,-1.0
2025_02_WAS_GB,2,player_reception_yds,Deebo Samuel Sr.,49.5,-112,-112,2025-09-11T23:10:39Z,WR,receiving_yards,44.0,False,60.73320046073442,48.85218904735706,1.0,scored,Over,-112.0,0.5151,0.5,0.5283,21.0,False,0.2269,True,False,False,True,True,False,-1.0,0.8928571428571429,0.8928571428571429,-1.0
2025_02_WAS_GB,2,player_reception_yds,Dontayvion Wicks,17.5,-112,-112,2025-09-11T23:10:39Z,WR,receiving_yards,44.0,False,28.77665689768245,29.506600812062945,1.0,scored,Over,-112.0,0.5482,0.5,0.5283,47.0,False,0.6444,True,True,True,True,False,True,0.8928571428571429,0.8928571428571429,-1.0,0.8928571428571429
2025_02_WAS_GB,2,player_reception_yds,Josh Jacobs,14.5,-112,-112,2025-09-11T23:10:39Z,RB,rb_receiving_yards,0.0,False,14.200621445120422,13.364564411290832,1.0,scored,Under,-112.0,0.6243,0.5,0.5283,34.0,False,0.0206,False,True,False,True,True,False,0.8928571428571429,0.8928571428571429,0.8928571428571429,-1.0
2025_02_WAS_GB,2,player_reception_yds,Matthew Golden,34.5,-112,-112,2025-09-11T23:10:39Z,WR,receiving_yards,0.0,False,28.91722749267834,29.704378094714123,1.0,scored,Under,-112.0,0.6352,0.5,0.5283,44.0,False,0.1618,False,True,False,True,True,False,0.8928571428571429,0.8928571428571429,0.8928571428571429,-1.0
2025_02_WAS_GB,2,player_reception_yds,Noah Brown,20.5,-112,-112,2025-09-11T23:10:39Z,WR,receiving_yards,9.0,False,33.17963705312776,35.045370865538885,1.0,scored,Over,-112.0,0.5566,0.5,0.5283,49.0,False,0.6185,True,False,True,False,True,False,-1.0,-1.0,0.8928571428571429,-1.0
2025_02_WAS_GB,2,player_reception_yds,Romeo Doubs,42.5,-112,-112,2025-09-11T23:10:39Z,WR,receiving_yards,28.0,False,48.01221947534118,47.188727508895525,1.0,scored,Over,-112.0,0.4877,0.5,0.5283,13.0,False,0.1297,True,False,True,False,True,False,-1.0,-1.0,0.8928571428571429,-1.0
2025_02_WAS_GB,2,player_reception_yds,Terry McLaurin,51.5,-112,-112,2025-09-11T23:10:39Z,WR,receiving_yards,48.0,False,41.9160640320272,43.77865963559236,1.0,scored,Under,-112.0,0.6622,0.5,0.5283,51.0,False,0.1861,False,True,False,True,True,False,0.8928571428571429,0.8928571428571429,0.8928571428571429,-1.0
2025_02_WAS_GB,2,player_reception_yds,Tucker Kraft,41.5,-112,-112,2025-09-11T23:10:39Z,TE,receiving_yards,124.0,False,34.60075555922509,28.25491339647498,1.0,scored,Under,-112.0,0.6406,0.5,0.5283,45.0,False,0.1662,False,False,False,False,False,True,-1.0,-1.0,-1.0,0.8928571428571429
2025_02_WAS_GB,2,player_reception_yds,Zach Ertz,34.5,-112,-112,2025-09-11T23:10:39Z,TE,receiving_yards,64.0,False,34.35768264541413,29.58579574941616,1.0,scored,Under,-112.0,0.5546,0.5,0.5283,18.0,False,0.0041,False,False,False,False,False,True,-1.0,-1.0,-1.0,0.8928571428571429
2025_02_WAS_GB,2,player_receptions,Deebo Samuel Sr.,4.5,-110,-116,2025-09-11T23:10:39Z,WR,receptions,7.0,False,4.808474918979718,4.036685852130856,1.0,scored,Over,-110.0,0.4986,0.4938,0.5238,17.0,False,0.0685,True,True,False,False,False,True,0.9090909090909091,-1.0,-1.0,0.9090909090909091
2025_02_WAS_GB,2,player_receptions,Dontayvion Wicks,1.5,-136,108,2025-09-11T23:10:39Z,WR,receptions,4.0,False,2.292130118239699,2.3719799697779145,1.0,scored,Over,-136.0,0.568,0.5452,0.5763,50.0,False,0.5281,True,True,True,True,False,True,0.7352941176470589,0.7352941176470589,-1.0,0.7352941176470589
2025_02_WAS_GB,2,player_receptions,Matthew Golden,2.5,-160,126,2025-09-11T23:10:39Z,WR,receptions,0.0,False,2.4195046290885083,2.523371704261712,1.0,scored,Under,126.0,0.544,0.4183,0.4425,31.0,False,0.0322,False,True,True,False,True,False,1.26,-1.0,1.26,-1.0
2025_02_WAS_GB,2,player_receptions,Noah Brown,2.5,152,-196,2025-09-11T23:10:39Z,WR,receptions,1.0,False,2.607563530646241,2.7048676703126744,1.0,scored,Over,152.0,0.4822,0.3747,0.3968,25.0,False,0.043,True,False,True,False,True,False,-1.0,-1.0,0.5102040816326531,-1.0
2025_02_WAS_GB,2,player_receptions,Romeo Doubs,3.5,-112,-112,2025-09-11T23:10:39Z,WR,receptions,3.0,False,3.084921418333112,2.838608929053933,1.0,scored,Under,-112.0,0.6028,0.5,0.5283,43.0,False,0.1186,False,True,False,True,True,False,0.8928571428571429,0.8928571428571429,0.8928571428571429,-1.0
2025_02_WAS_GB,2,player_receptions,Terry McLaurin,4.5,126,-160,2025-09-11T23:10:39Z,WR,receptions,5.0,False,3.2773341536166187,3.3205093815426205,1.0,scored,Under,-160.0,0.7331,0.5817,0.6154,77.0,True,0.2717,False,False,False,False,False,True,-1.0,-1.0,-1.0,1.26
2025_02_WAS_GB,2,player_receptions,Tucker Kraft,3.5,-122,-104,2025-09-11T23:10:39Z,TE,receptions,6.0,False,2.752969026107892,2.4169787570610195,1.0,scored,Under,-104.0,0.6677,0.4812,0.5098,68.0,True,0.2134,False,False,False,False,False,True,-1.0,-1.0,-1.0,0.819672131147541
2025_02_WAS_GB,2,player_receptions,Zach Ertz,3.5,-130,102,2025-09-11T23:10:39Z,TE,receptions,6.0,False,3.1762271845527708,3.019919933531608,1.0,scored,Under,102.0,0.5867,0.4669,0.495,41.0,False,0.0925,False,False,False,False,False,True,-1.0,-1.0,-1.0,0.7692307692307693
2025_02_WAS_GB,2,player_rush_yds,Austin Ekeler,20.5,-112,-112,2025-09-11T23:10:39Z,RB,rushing_yards,17.0,False,25.72400400101261,30.34357377819549,1.0,scored,Over,-112.0,0.4932,0.5,0.5283,19.0,False,0.2548,True,False,True,False,True,False,-1.0,-1.0,0.8928571428571429,-1.0
2025_02_WAS_GB,2,player_rush_yds,Jacory Croskey-Merritt,38.5,-112,-112,2025-09-11T23:10:39Z,RB,rushing_yards,17.0,False,41.65890740095301,45.249647556390975,1.0,scored,Over,-112.0,0.4712,0.5,0.5283,11.0,False,0.082,True,False,True,False,True,False,-1.0,-1.0,0.8928571428571429,-1.0
2025_02_WAS_GB,2,player_rush_yds,Jayden Daniels,44.5,-112,-112,2025-09-11T23:10:39Z,QB,qb_rushing_yards,17.0,False,44.84967206274391,41.846563482263136,1.0,scored,Over,-112.0,0.4405,0.5,0.5283,7.0,False,0.0079,True,False,False,True,True,False,-1.0,0.8928571428571429,0.8928571428571429,-1.0
2025_02_WAS_GB,2,player_rush_yds,Jordan Love,5.5,-112,-112,2025-09-11T23:10:39Z,QB,qb_rushing_yards,12.0,False,9.031595465284,8.267151717557251,1.0,scored,Over,-112.0,0.5178,0.5,0.5283,40.0,False,0.6421,True,True,True,True,False,True,0.8928571428571429,0.8928571428571429,-1.0,0.8928571428571429
2025_02_WAS_GB,2,player_rush_yds,Josh Jacobs,77.5,-112,-112,2025-09-11T23:10:39Z,RB,rushing_yards,84.0,False,69.82636285215678,58.19100024878372,1.0,scored,Under,-112.0,0.6352,0.5,0.5283,40.0,False,0.099,False,False,False,False,False,True,-1.0,-1.0,-1.0,0.8928571428571429
